health_zone,province,horizon,was_active_before,p_case_invasion,p_case_lo,p_case_hi,mu_forecast,rr_nat,rr_nat_rank,rr01_nat,rr_ituri,rr_ituri_rank,rr_nordkivu,rr_nordkivu_rank,rr_hautuele,rr_hautuele_rank,V,priority,priority_rank,surveillance_gap,healthcare_gap,access_gap,social_vulnerability,healthcare_travel_min,method,cutoff_date,horizon_window
Rethy,Ituri,1,FALSE,0.3375,0.2188,0.4634,0.4185,45.7282,1,1,2.422,1,NA,NA,NA,NA,0.2703,1,1,0.2143,0.6081,0,0.2587,0,Bayes-M8-full,20/07/2026,1
Mahagi,Ituri,1,FALSE,0.2561,0.1526,0.3702,0.3002,32.8004,2,0.7588,1.7373,2,NA,NA,NA,NA,0.2292,0.6436,4,0.1718,0.6004,0,0.1448,0,Bayes-M8-full,20/07/2026,1
Jiba,Ituri,1,FALSE,0.2209,0.1281,0.3332,0.2529,27.6384,3,0.6543,1.4639,3,NA,NA,NA,NA,0.1651,0.3996,8,0.1815,0.1274,0,0.3514,0,Bayes-M8-full,20/07/2026,1
Oicha,Nord-Kivu,1,FALSE,0.1994,0.1318,0.272,0.2238,24.4581,4,0.5907,NA,NA,4.9897,1,NA,NA,0.3364,0.7352,2,0.3243,0.7606,0,0.2606,0,Bayes-M8-full,20/07/2026,1
Linga,Ituri,1,FALSE,0.1521,0.1013,0.2106,0.1658,18.115,5,0.4506,0.9595,4,NA,NA,NA,NA,0.2148,0.3581,10,0.1969,0.3417,0,0.3205,0,Bayes-M8-full,20/07/2026,1
Biringi,Ituri,1,FALSE,0.1321,0.0843,0.1883,0.1424,15.5542,6,0.3913,0.8238,5,NA,NA,NA,NA,0.3494,0.5059,5,0.3958,0.4865,0,0.5154,0,Bayes-M8-full,20/07/2026,1
Angumu,Ituri,1,FALSE,0.1277,0.0605,0.21560000000000001,0.1382,15.1062,7,0.3784,0.8001,6,NA,NA,NA,NA,0.11,0.1541,25,0.1641,0.1641,0,0.112,0,Bayes-M8-full,20/07/2026,1
Nyarambe,Ituri,1,FALSE,0.1108,0.0498,0.1925,0.1187,12.9685,8,0.3283,0.6869,7,NA,NA,NA,NA,0.1805,0.2192,19,0.1699,0.4595,0,0.0927,0,Bayes-M8-full,20/07/2026,1
Gombari,Haut-Uele,1,FALSE,0.1084,0.0688,0.1562,0.1152,12.5865,9,0.3211,NA,NA,NA,NA,2.2601,1,0.5772,0.6858,3,0.9633,0.8012,0,0.5444,0,Bayes-M8-full,20/07/2026,1
Watsa,Haut-Uele,1,FALSE,0.0877,0.0428,0.147,0.0924,10.0975,10,0.2598,NA,NA,NA,NA,1.8132,2,0.4797,0.4612,6,0.7297,0.8436,0,0.3456,0,Bayes-M8-full,20/07/2026,1
Lubero,Nord-Kivu,1,FALSE,0.0868,0.048,0.1331,0.0912,9.9632,11,0.257,NA,NA,2.0326,2,NA,NA,0.4585,0.4361,7,0.5734,0.9382,0,0.3224,0,Bayes-M8-full,20/07/2026,1
Mutwanga,Nord-Kivu,1,FALSE,0.0801,0.0526,0.1121,0.0837,9.1415,12,0.2372,NA,NA,1.865,3,NA,NA,0.2408,0.2114,20,0.2606,0.4672,0,0.2355,0,Bayes-M8-full,20/07/2026,1
Makoro,Haut-Uele,1,FALSE,0.0763,0.0489,0.10780000000000001,0.0795,8.69,13,0.226,NA,NA,NA,NA,1.5604,3,0.3822,0.3196,11,0.556,0.5483,0,0.4247,0,Bayes-M8-full,20/07/2026,1
Adi,Ituri,1,FALSE,0.0677,0.0295,0.1229,0.0706,7.7121,14,0.2004,0.4085,8,NA,NA,NA,NA,0.3977,0.2949,12,0.2587,0.7104,0,0.6216,0,Bayes-M8-full,20/07/2026,1
Manguredjipa,Nord-Kivu,1,FALSE,0.0675,0.0359,0.1052,0.0701,7.6645,15,0.2,NA,NA,1.5637,4,NA,NA,0.3475,0.2571,15,0.778,0.0579,0,0.5541,0,Bayes-M8-full,20/07/2026,1
Isiro,Haut-Uele,1,FALSE,0.0639,0.0235,0.1254,0.0666,7.2782,16,0.1892,NA,NA,NA,NA,1.3069,4,0.5253,0.3678,9,0.39,0.7587,0,0.9527,0,Bayes-M8-full,20/07/2026,1
Laybo,Ituri,1,FALSE,0.0639,0.0351,0.0999,0.0663,7.2448,17,0.1894,0.3837,9,NA,NA,NA,NA,0.3393,0.2377,18,0.3069,0.556,0,0.4942,0,Bayes-M8-full,20/07/2026,1
Biena,Nord-Kivu,1,FALSE,0.062,0.0432,0.0838,0.0641,7,18,0.1836,NA,NA,1.4281,5,NA,NA,0.2013,0.1367,29,0.251,0.166,0,0.388,0,Bayes-M8-full,20/07/2026,1
Kayna,Nord-Kivu,1,FALSE,0.0588,0.0338,0.0887,0.0607,6.6374,19,0.1742,NA,NA,1.3541,6,NA,NA,0.3113,0.2006,21,0.2278,0.6332,0,0.3842,0,Bayes-M8-full,20/07/2026,1
Pawa,Haut-Uele,1,FALSE,0.0544,0.0242,0.0983,0.0563,6.151,20,0.1613,NA,NA,NA,NA,1.1045,5,0.4315,0.2575,14,0.2934,0.5734,0,0.8591,0,Bayes-M8-full,20/07/2026,1
Adja,Ituri,1,FALSE,0.0528,0.0348,0.0743,0.0543,5.9352,21,0.1564,0.3144,10,NA,NA,NA,NA,0.2645,0.153,26,0.249,0.4286,0,0.3803,0,Bayes-M8-full,20/07/2026,1
Kamango,Nord-Kivu,1,FALSE,0.0516,0.0276,0.0832,0.0531,5.8046,22,0.1528,NA,NA,1.1842,7,NA,NA,0.4373,0.2472,17,0.6583,0.917,0,0.1737,0,Bayes-M8-full,20/07/2026,1
Bafwasende,Tshopo,1,FALSE,0.0512,0.029,0.0798,0.0527,5.7602,23,0.1517,NA,NA,NA,NA,NA,NA,0.4546,0.2553,16,0.9073,0.2413,0,0.6699,0,Bayes-M8-full,20/07/2026,1
Nyiragongo,Nord-Kivu,1,FALSE,0.0451,0.0127,0.1006,0.0466,5.0884,24,0.1336,NA,NA,1.0381,8,NA,NA,0.2891,0.1429,28,0.2432,0.8764,0,0.0367,0,Bayes-M8-full,20/07/2026,1
Karisimbi,Nord-Kivu,1,FALSE,0.0426,0.0091,0.1014,0.0441,4.8171,25,0.1261,NA,NA,0.9827,9,NA,NA,0.1597,0.0746,51,0.0907,0.5154,0,0.0328,0,Bayes-M8-full,20/07/2026,1
Rungu,Haut-Uele,1,FALSE,0.0401,0.0224,0.0643,0.041,4.4815,26,0.1188,NA,NA,NA,NA,0.8047,6,0.6474,0.2846,13,0.8224,0.8031,0,0.9643,0,Bayes-M8-full,20/07/2026,1
Kirotshe,Nord-Kivu,1,FALSE,0.0368,0.015,0.0689,0.0376,4.1094,27,0.1089,NA,NA,0.8384,10,NA,NA,0.3842,0.1548,24,0.3764,0.9961,0,0.1641,0,Bayes-M8-full,20/07/2026,1
Kibirizi,Nord-Kivu,1,FALSE,0.0317,0.0212,0.044,0.0322,3.5222,28,0.0939,NA,NA,0.7186,11,NA,NA,0.4175,0.145,27,0.5405,0.8552,0,0.2741,0,Bayes-M8-full,20/07/2026,1
Aba,Haut-Uele,1,FALSE,0.0313,0.0154,0.0551,0.0319,3.4844,29,0.0927,NA,NA,NA,NA,0.6257,7,0.569,0.1952,22,0.6004,0.6853,0,0.9903,0,Bayes-M8-full,20/07/2026,1
Rutshuru,Nord-Kivu,1,FALSE,0.0306,0.0128,0.0566,0.0312,3.4101,30,0.0907,NA,NA,0.6957,12,NA,NA,0.3721,0.1249,34,0.4093,0.9942,0,0.0849,0,Bayes-M8-full,20/07/2026,1
Dungu,Haut-Uele,1,FALSE,0.0287,0.0134,0.0492,0.0291,3.1843,31,0.0849,NA,NA,NA,NA,0.5718,8,0.5275,0.1657,23,0.8726,0.5598,0,0.6776,0,Bayes-M8-full,20/07/2026,1
Alimbongo,Nord-Kivu,1,FALSE,0.0284,0.0163,0.0423,0.0289,3.1552,32,0.0842,NA,NA,0.6437,13,NA,NA,0.4262,0.1328,31,0.5849,0.7471,0,0.3726,0,Bayes-M8-full,20/07/2026,1
Bambo,Nord-Kivu,1,FALSE,0.0262,0.0125,0.0448,0.0266,2.9064,33,0.0776,NA,NA,0.5929,14,NA,NA,0.3962,0.1138,37,0.5521,0.9073,0,0.1255,0,Bayes-M8-full,20/07/2026,1
Wanierukula,Tshopo,1,FALSE,0.0251,0.0118,0.0435,0.0255,2.7858,34,0.0744,NA,NA,NA,NA,NA,NA,0.473,0.1302,32,0.8436,0.5521,0,0.4961,0,Bayes-M8-full,20/07/2026,1
Kabondo,Tshopo,1,FALSE,0.0235,0.0101,0.0421,0.0238,2.6023,35,0.0696,NA,NA,NA,NA,NA,NA,0.18,0.0463,68,0.1911,0.2722,0,0.2568,0,Bayes-M8-full,20/07/2026,1
Minova,Sud-Kivu,1,FALSE,0.0231,0.0117,0.0377,0.0234,2.5541,36,0.0683,NA,NA,NA,NA,NA,NA,0.3866,0.0978,41,0.4421,0.9826,0,0.1216,0,Bayes-M8-full,20/07/2026,1
Rwanguba,Nord-Kivu,1,FALSE,0.0221,0.0074,0.0451,0.0224,2.4517,37,0.0655,NA,NA,0.5002,15,NA,NA,0.2442,0.0592,60,0.2085,0.7027,0,0.0656,0,Bayes-M8-full,20/07/2026,1
Pinga,Nord-Kivu,1,FALSE,0.0214,0.0127,0.032,0.0216,2.3654,38,0.0634,NA,NA,0.4826,16,NA,NA,0.57,0.1337,30,0.9595,0.7548,0,0.5656,0,Bayes-M8-full,20/07/2026,1
Faradje,Haut-Uele,1,FALSE,0.0212,0.0132,0.0304,0.0215,2.3439,39,0.0628,NA,NA,NA,NA,0.4209,9,0.4474,0.104,39,0.7606,0.666,0,0.3629,0,Bayes-M8-full,20/07/2026,1
Ruzizi,Sud-Kivu,1,FALSE,0.021,0.008,0.0419,0.0213,2.3274,40,0.0622,NA,NA,NA,NA,NA,NA,0.5627,0.1296,33,0.3494,0.9093,0,0.9923,0,Bayes-M8-full,20/07/2026,1
Niangara,Haut-Uele,1,FALSE,0.0204,0.0113,0.0328,0.0206,2.2528,41,0.0604,NA,NA,NA,NA,0.4045,10,0.5512,0.1232,35,0.8031,0.4324,0,0.9691,0,Bayes-M8-full,20/07/2026,1
Kibua,Nord-Kivu,1,FALSE,0.0201,0.0101,0.0331,0.0204,2.2252,42,0.0596,NA,NA,0.454,17,NA,NA,0.5154,0.1137,38,0.7741,0.6602,0,0.6274,0,Bayes-M8-full,20/07/2026,1
Masisi,Nord-Kivu,1,FALSE,0.02,0.0107,0.0311,0.0202,2.2085,43,0.0592,NA,NA,0.4506,18,NA,NA,0.4402,0.0964,42,0.4324,0.9575,0,0.3707,0,Bayes-M8-full,20/07/2026,1
Binza,Nord-Kivu,1,FALSE,0.0196,0.008,0.0359,0.0198,2.1627,44,0.0579,NA,NA,0.4412,19,NA,NA,0.3518,0.0754,50,0.471,0.8378,0,0.0985,0,Bayes-M8-full,20/07/2026,1
Birambizo,Nord-Kivu,1,FALSE,0.0195,0.0105,0.0309,0.0197,2.1496,45,0.0577,NA,NA,0.4385,20,NA,NA,0.3625,0.0773,49,0.4035,0.89,0,0.1564,0,Bayes-M8-full,20/07/2026,1
Mweso,Nord-Kivu,1,FALSE,0.0195,0.0119,0.0287,0.0197,2.1491,46,0.0577,NA,NA,0.4384,21,NA,NA,0.4189,0.0894,44,0.4498,0.9614,0,0.2645,0,Bayes-M8-full,20/07/2026,1
Nyangezi,Sud-Kivu,1,FALSE,0.0193,0.0115,0.029,0.0195,2.1342,48,0.0573,NA,NA,NA,NA,NA,NA,0.36870000000000003,0.0781,48,0.222,0.8842,0,0.36870000000000003,0,Bayes-M8-full,20/07/2026,1
Nyantende,Sud-Kivu,1,FALSE,0.0193,0.0123,0.0276,0.0195,2.1356,47,0.0573,NA,NA,NA,NA,NA,NA,0.3219,0.0683,54,0.1486,0.8938,0,0.2452,0,Bayes-M8-full,20/07/2026,1
Katana,Sud-Kivu,1,FALSE,0.0192,0.0108,0.0298,0.0194,2.1209,49,0.0569,NA,NA,NA,NA,NA,NA,0.3224,0.0679,55,0.2471,0.9112,0,0.1313,0,Bayes-M8-full,20/07/2026,1
Bafwagbogbo,Tshopo,1,FALSE,0.019,0.0086,0.0326,0.0192,2.0995,50,0.0563,NA,NA,NA,NA,NA,NA,0.3948,0.0822,47,0.8591,0.027,0,0.6931,0,Bayes-M8-full,20/07/2026,1
Kabare,Sud-Kivu,1,FALSE,0.0178,0.0105,0.0266,0.018,1.9625,51,0.0527,NA,NA,NA,NA,NA,NA,0.3567,0.0695,52,0.2394,0.9884,0,0.1988,0,Bayes-M8-full,20/07/2026,1
Katoyi,Nord-Kivu,1,FALSE,0.0177,0.0109,0.0254,0.0178,1.9483,52,0.0523,NA,NA,0.3975,22,NA,NA,0.4542,0.0879,46,0.4614,0.9595,0,0.3958,0,Bayes-M8-full,20/07/2026,1
Uvira,Sud-Kivu,1,FALSE,0.017,0.0056,0.0364,0.0172,1.8816,53,0.0504,NA,NA,NA,NA,NA,NA,0.5502,0.1026,40,0.2181,0.9846,0,0.9981,0,Bayes-M8-full,20/07/2026,1
Ibanda,Sud-Kivu,1,FALSE,0.0169,0.0047,0.0366,0.0171,1.8729,54,0.0502,NA,NA,NA,NA,NA,NA,0.2307,0.0428,74,0.083,0.6216,0,0.2181,0,Bayes-M8-full,20/07/2026,1
Viadana,Bas-Uele,1,FALSE,0.0162,0.009,0.026,0.0163,1.7832,55,0.0479,NA,NA,NA,NA,NA,NA,0.6846,0.1214,36,0.9131,0.9788,0,0.8465,0,Bayes-M8-full,20/07/2026,1
Tshopo,Tshopo,1,FALSE,0.0161,0.0067,0.0291,0.0162,1.774,56,0.0476,NA,NA,NA,NA,NA,NA,0.2466,0.0435,73,0.361,0.334,0,0.2915,0,Bayes-M8-full,20/07/2026,1
Makiso Kisangani,Tshopo,1,FALSE,0.0155,0.0055,0.0313,0.0157,1.7116,57,0.0459,NA,NA,NA,NA,NA,NA,0.2355,0.04,76,0.1332,0.5309,0,0.278,0,Bayes-M8-full,20/07/2026,1
Bagira,Sud-Kivu,1,FALSE,0.0153,0.0069,0.027,0.0155,1.6916,58,0.0455,NA,NA,NA,NA,NA,NA,0.236,0.0397,77,0.1004,0.6371,0,0.2066,0,Bayes-M8-full,20/07/2026,1
Lemera,Sud-Kivu,1,FALSE,0.0152,0.0074,0.0265,0.0153,1.6748,59,0.045,NA,NA,NA,NA,NA,NA,0.5613,0.0935,43,0.3629,0.9015,0,0.9807,0,Bayes-M8-full,20/07/2026,1
Lubunga (Tshopo),Tshopo,1,FALSE,0.015,0.0066,0.0267,0.0152,1.6563,60,0.0445,NA,NA,NA,NA,NA,NA,0.2288,0.0377,81,0.2452,0.3436,0,0.3263,0,Bayes-M8-full,20/07/2026,1
Kalehe,Sud-Kivu,1,FALSE,0.0149,0.0085,0.0232,0.015,1.6426,61,0.0442,NA,NA,NA,NA,NA,NA,0.3369,0.0551,62,0.3417,0.8649,0,0.1409,0,Bayes-M8-full,20/07/2026,1
Walungu,Sud-Kivu,1,FALSE,0.0128,0.0075,0.0191,0.0129,1.4079,62,0.0379,NA,NA,NA,NA,NA,NA,0.3248,0.0456,70,0.1853,0.8803,0,0.2336,0,Bayes-M8-full,20/07/2026,1
Opienge,Tshopo,1,FALSE,0.0126,0.005,0.0233,0.0127,1.3855,63,0.0373,NA,NA,NA,NA,NA,NA,0.4445,0.0613,58,0.9556,0.0135,0,0.8089,0,Bayes-M8-full,20/07/2026,1
Kadutu,Sud-Kivu,1,FALSE,0.0123,0.001,0.0378,0.0125,1.3631,64,0.0365,NA,NA,NA,NA,NA,NA,0.1636,0.0221,93,0.0579,0.3861,0,0.2104,0,Bayes-M8-full,20/07/2026,1
Haut Plateau,Sud-Kivu,1,FALSE,0.0116,0.0059,0.0191,0.0117,1.2783,65,0.0344,NA,NA,NA,NA,NA,NA,0.5246,0.0668,56,0.5714,0.5444,0,0.9826,0,Bayes-M8-full,20/07/2026,1
Poko,Bas-Uele,1,FALSE,0.0111,0.0057,0.0186,0.0112,1.2234,66,0.033,NA,NA,NA,NA,NA,NA,0.7271,0.0887,45,0.9923,0.9517,0,0.9643,0,Bayes-M8-full,20/07/2026,1
Mubumbano,Sud-Kivu,1,FALSE,0.0111,0.0073,0.0155,0.0112,1.2208,67,0.0329,NA,NA,NA,NA,NA,NA,0.3658,0.0445,71,0.2683,0.9402,0,0.2548,0,Bayes-M8-full,20/07/2026,1
Banalia,Tshopo,1,FALSE,0.0111,0.0056,0.0185,0.0111,1.2179,68,0.0328,NA,NA,NA,NA,NA,NA,0.4242,0.0515,64,0.7799,0.1178,0,0.7992,0,Bayes-M8-full,20/07/2026,1
Walikale,Nord-Kivu,1,FALSE,0.011,0.0066,0.0161,0.0111,1.2084,69,0.0326,NA,NA,0.2465,23,NA,NA,0.5729,0.069,53,0.9459,0.9286,0,0.417,0,Bayes-M8-full,20/07/2026,1
Kalonge,Sud-Kivu,1,FALSE,0.011,0.0077,0.0149,0.0111,1.2078,70,0.0326,NA,NA,NA,NA,NA,NA,0.404,0.0487,66,0.4961,0.8359,0,0.2838,0,Bayes-M8-full,20/07/2026,1
Bunyakiri,Sud-Kivu,1,FALSE,0.0106,0.0071,0.0147,0.0107,1.17,71,0.0315,NA,NA,NA,NA,NA,NA,0.4517,0.0527,63,0.6197,0.832,0,0.3552,0,Bayes-M8-full,20/07/2026,1
Nundu,Sud-Kivu,1,FALSE,0.0103,0.0048,0.0186,0.0103,1.1294,72,0.0304,NA,NA,NA,NA,NA,NA,0.5927,0.0667,57,0.527,0.8494,0,0.9942,0,Bayes-M8-full,20/07/2026,1
Kaniola,Sud-Kivu,1,FALSE,0.0101,0.0068,0.014,0.0101,1.1085,73,0.0299,NA,NA,NA,NA,NA,NA,0.4513,0.0499,65,0.5328,0.9305,0,0.3417,0,Bayes-M8-full,20/07/2026,1
Itebero,Nord-Kivu,1,FALSE,0.0099,0.0056,0.0154,0.01,1.093,74,0.0295,NA,NA,0.223,24,NA,NA,0.5574,0.0608,59,0.9112,0.722,0,0.5965,0,Bayes-M8-full,20/07/2026,1
Kaziba,Sud-Kivu,1,FALSE,0.0099,0.0066,0.0138,0.01,1.0925,75,0.0295,NA,NA,NA,NA,NA,NA,0.3571,0.0389,78,0.2876,0.7838,0,0.3571,0,Bayes-M8-full,20/07/2026,1
Mwana,Sud-Kivu,1,FALSE,0.0094,0.0062,0.0133,0.0095,1.035,76,0.0279,NA,NA,NA,NA,NA,NA,0.3731,0.0385,79,0.2896,0.9035,0,0.2992,0,Bayes-M8-full,20/07/2026,1
Lubutu,Maniema,1,FALSE,0.0089,0.0046,0.0148,0.009,0.9797,77,0.0264,NA,NA,NA,NA,NA,NA,0.4706,0.046,69,0.8205,0.2819,0,0.7799,0,Bayes-M8-full,20/07/2026,1
Mulungu,Sud-Kivu,1,FALSE,0.0085,0.0049,0.0131,0.0085,0.9297,78,0.0251,NA,NA,NA,NA,NA,NA,0.5208,0.0483,67,0.861,0.5193,0,0.7027,0,Bayes-M8-full,20/07/2026,1
Mangobo,Tshopo,1,FALSE,0.0079,0.0023,0.0159,0.0079,0.8654,79,0.0233,NA,NA,NA,NA,NA,NA,0.2061,0.0178,101,0.0792,0.4382,0,0.3069,0,Bayes-M8-full,20/07/2026,1
Mwenga,Sud-Kivu,1,FALSE,0.0077,0.0049,0.011,0.0077,0.8417,80,0.0227,NA,NA,NA,NA,NA,NA,0.319,0.0268,88,0.5,0.3552,0,0.4208,0,Bayes-M8-full,20/07/2026,1
Ganga,Bas-Uele,1,FALSE,0.0074,0.0036,0.0125,0.0074,0.8085,81,0.0218,NA,NA,NA,NA,NA,NA,0.7218,0.0583,61,0.9672,0.9556,0,0.9643,0,Bayes-M8-full,20/07/2026,1
Doruma,Haut-Uele,1,FALSE,0.0065,0.0026,0.0124,0.0065,0.709,82,0.0191,NA,NA,NA,NA,0.1273,11,0.6216,0.044,72,0.973,0.5135,0,1,0,Bayes-M8-full,20/07/2026,1
Fizi,Sud-Kivu,1,FALSE,0.0062,0.0025,0.0116,0.0062,0.6796,83,0.0184,NA,NA,NA,NA,NA,NA,0.5637,0.0383,80,0.7432,0.9691,0,0.5425,0,Bayes-M8-full,20/07/2026,1
Obokote,Maniema,1,FALSE,0.0059,0.0023,0.0111,0.006,0.6519,84,0.0176,NA,NA,NA,NA,NA,NA,0.3209,0.0209,96,0.7239,0.0328,0,0.527,0,Bayes-M8-full,20/07/2026,1
Kamituga,Sud-Kivu,1,FALSE,0.0058,0.0035,0.0086,0.0058,0.6378,85,0.0172,NA,NA,NA,NA,NA,NA,0.3596,0.0229,90,0.3938,0.6062,0,0.4382,0,Bayes-M8-full,20/07/2026,1
Kitutu,Sud-Kivu,1,FALSE,0.0055,0.0032,0.0082,0.0055,0.6033,86,0.0163,NA,NA,NA,NA,NA,NA,0.5024,0.0303,85,0.751,0.805,0,0.4537,0,Bayes-M8-full,20/07/2026,1
Kalole,Sud-Kivu,1,FALSE,0.0054,0.0029,0.0087,0.0054,0.5868,88,0.0159,NA,NA,NA,NA,NA,NA,0.6038,0.0354,82,0.89,0.7799,0,0.7452,0,Bayes-M8-full,20/07/2026,1
Minembwe,Sud-Kivu,1,FALSE,0.0054,0.0029,0.0085,0.0054,0.5903,87,0.016,NA,NA,NA,NA,NA,NA,0.5198,0.0307,84,0.7181,0.8089,0,0.5521,0,Bayes-M8-full,20/07/2026,1
Buta,Bas-Uele,1,FALSE,0.0052,0.0022,0.0097,0.0052,0.5671,90,0.0153,NA,NA,NA,NA,NA,NA,0.7225,0.041,75,0.9749,0.9923,0,0.9228,0,Bayes-M8-full,20/07/2026,1
Bengamisa,Tshopo,1,FALSE,0.0052,0.0025,0.009,0.0053,0.5744,89,0.0155,NA,NA,NA,NA,NA,NA,0.3012,0.0173,103,0.612,0.2162,0,0.3764,0,Bayes-M8-full,20/07/2026,1
Itombwe,Sud-Kivu,1,FALSE,0.0051,0.0024,0.0087,0.0051,0.5625,91,0.0152,NA,NA,NA,NA,NA,NA,0.5121,0.0288,87,0.8571,0.6737,0,0.5174,0,Bayes-M8-full,20/07/2026,1
Yakusu,Tshopo,1,FALSE,0.005,0.0023,0.0087,0.005,0.5503,92,0.0149,NA,NA,NA,NA,NA,NA,0.319,0.0176,102,0.4208,0.2085,0,0.6467,0,Bayes-M8-full,20/07/2026,1
Isangi,Tshopo,1,FALSE,0.0047,0.002,0.0085,0.0047,0.5137,93,0.0139,NA,NA,NA,NA,NA,NA,0.3837,0.0197,97,0.4054,0.4073,0,0.722,0,Bayes-M8-full,20/07/2026,1
Lulingu,Sud-Kivu,1,FALSE,0.0044,0.0023,0.0073,0.0044,0.4847,94,0.0131,NA,NA,NA,NA,NA,NA,0.6158,0.0299,86,0.9093,0.8108,0,0.7432,0,Bayes-M8-full,20/07/2026,1
Ubundu,Tshopo,1,FALSE,0.0043,0.002,0.0073,0.0043,0.4687,95,0.0127,NA,NA,NA,NA,NA,NA,0.4744,0.0222,92,0.9054,0.4305,0,0.5618,0,Bayes-M8-full,20/07/2026,1
Titule,Bas-Uele,1,FALSE,0.0041,0.0017,0.0075,0.0042,0.4543,96,0.0123,NA,NA,NA,NA,NA,NA,0.6839,0.0311,83,0.9865,0.8263,0,0.9228,0,Bayes-M8-full,20/07/2026,1
Kimbi Lulenge,Sud-Kivu,1,FALSE,0.004,0.0021,0.0064,0.004,0.4394,97,0.0119,NA,NA,NA,NA,NA,NA,0.5507,0.0242,89,0.8475,0.8687,0,0.4865,0,Bayes-M8-full,20/07/2026,1
Nyemba,Tanganyika,1,FALSE,0.004,0.0017,0.0073,0.004,0.4344,98,0.0117,NA,NA,NA,NA,NA,NA,0.3456,0.015,109,0.5965,0.4556,0,0.3301,0,Bayes-M8-full,20/07/2026,1
Kasongo,Maniema,1,FALSE,0.0039,0.0016,0.0074,0.0039,0.4265,99,0.0115,NA,NA,NA,NA,NA,NA,0.5304,0.0226,91,0.4459,0.7529,0,0.9228,0,Bayes-M8-full,20/07/2026,1
Saramabila,Maniema,1,FALSE,0.0038,0.0018,0.0066,0.0038,0.4127,100,0.0112,NA,NA,NA,NA,NA,NA,0.4768,0.0197,98,0.473,0.5502,0,0.8842,0,Bayes-M8-full,20/07/2026,1
Kabambare,Maniema,1,FALSE,0.0036,0.0017,0.0061,0.0036,0.391,102,0.0106,NA,NA,NA,NA,NA,NA,0.3953,0.0155,106,0.8359,0.112,0,0.6332,0,Bayes-M8-full,20/07/2026,1
Ferekeni,Maniema,1,FALSE,0.0036,0.0014,0.0069,0.0036,0.3953,101,0.0107,NA,NA,NA,NA,NA,NA,0.3504,0.0139,114,0.7722,0.0425,0,0.5869,0,Bayes-M8-full,20/07/2026,1
Lusangi,Maniema,1,FALSE,0.0035,0.0018,0.0059,0.0035,0.3858,103,0.0104,NA,NA,NA,NA,NA,NA,0.4223,0.0163,104,0.5656,0.2645,0,0.8591,0,Bayes-M8-full,20/07/2026,1
Kampene,Maniema,1,FALSE,0.0034,0.0017,0.0059,0.0034,0.3766,104,0.0102,NA,NA,NA,NA,NA,NA,0.3962,0.0149,110,0.5251,0.1757,0,0.8842,0,Bayes-M8-full,20/07/2026,1
Lowa,Tshopo,1,FALSE,0.0034,0.0014,0.0063,0.0034,0.3698,105,0.01,NA,NA,NA,NA,NA,NA,0.4073,0.0151,108,0.8938,0.0598,0,0.6757,0,Bayes-M8-full,20/07/2026,1
Kunda,Maniema,1,FALSE,0.0033,0.0014,0.0061,0.0033,0.3573,109,0.0097,NA,NA,NA,NA,NA,NA,0.4165,0.0149,111,0.4633,0.2799,0,0.9228,0,Bayes-M8-full,20/07/2026,1
Samba,Maniema,1,FALSE,0.0033,0.0016,0.0056,0.0033,0.3622,106,0.0098,NA,NA,NA,NA,NA,NA,0.5179,0.0188,100,0.7529,0.4344,0,0.8842,0,Bayes-M8-full,20/07/2026,1
Shabunda,Sud-Kivu,1,FALSE,0.0033,0.0015,0.0058,0.0033,0.3604,107,0.0098,NA,NA,NA,NA,NA,NA,0.5922,0.0214,95,0.8378,0.8726,0,0.6583,0,Bayes-M8-full,20/07/2026,1
Yabaondo,Tshopo,1,FALSE,0.0033,0.0014,0.0059,0.0033,0.3577,108,0.0097,NA,NA,NA,NA,NA,NA,0.3523,0.0126,117,0.4363,0.305,0,0.668,0,Bayes-M8-full,20/07/2026,1
Kindu,Maniema,1,FALSE,0.003,0.0012,0.0058,0.003,0.3315,110,0.009,NA,NA,NA,NA,NA,NA,0.3181,0.0106,124,0.1351,0.2529,0,0.8842,0,Bayes-M8-full,20/07/2026,1
Police,Kinshasa,1,FALSE,0.0029,0,0.0115,0.003,0.3234,111,0.0087,NA,NA,NA,NA,NA,NA,0.0478,0.0015,388,0.0463,0.0772,0,0.0676,0,Bayes-M8-full,20/07/2026,1
Yaleko,Tshopo,1,FALSE,0.0029,0.0012,0.0053,0.0029,0.3124,113,0.0085,NA,NA,NA,NA,NA,NA,0.402,0.0126,118,0.639,0.2452,0,0.7239,0,Bayes-M8-full,20/07/2026,1
Basoko,Tshopo,1,FALSE,0.0029,0.0011,0.0055,0.0029,0.3161,112,0.0086,NA,NA,NA,NA,NA,NA,0.3012,0.0095,135,0.5077,0.3147,0,0.3822,0,Bayes-M8-full,20/07/2026,1
Bili (Bas-Uele),Bas-Uele,1,FALSE,0.0028,0.0011,0.0054,0.0028,0.3091,114,0.0084,NA,NA,NA,NA,NA,NA,0.6926,0.0214,94,0.9981,0.7992,0,0.973,0,Bayes-M8-full,20/07/2026,1
Alunguli,Maniema,1,FALSE,0.0028,0.0012,0.0049,0.0028,0.3021,116,0.0082,NA,NA,NA,NA,NA,NA,0.3132,0.0095,136,0.1737,0.195,0,0.8842,0,Bayes-M8-full,20/07/2026,1
Punia,Maniema,1,FALSE,0.0028,0.0013,0.0049,0.0028,0.30620000000000003,115,0.0083,NA,NA,NA,NA,NA,NA,0.3731,0.0114,123,0.7625,0.1969,0,0.5328,0,Bayes-M8-full,20/07/2026,1
Yahisuli,Tshopo,1,FALSE,0.0027,0.0011,0.0049,0.0027,0.2934,117,0.0079,NA,NA,NA,NA,NA,NA,0.3521,0.0103,127,0.3842,0.0714,0,0.9527,0,Bayes-M8-full,20/07/2026,1
Gombe,Kinshasa,1,FALSE,0.0026,1e-4,0.0099,0.0026,0.2891,118,0.0078,NA,NA,NA,NA,NA,NA,0.1622,0.0047,225,0.0695,0.5695,0,0.0097,0,Bayes-M8-full,20/07/2026,1
Pangi,Maniema,1,FALSE,0.0026,0.0011,0.0047,0.0026,0.2875,119,0.0078,NA,NA,NA,NA,NA,NA,0.3316,0.0095,134,0.6081,0.056,0,0.6622,0,Bayes-M8-full,20/07/2026,1
Ango,Bas-Uele,1,FALSE,0.0025,0.0011,0.0046,0.0025,0.2738,121,0.0074,NA,NA,NA,NA,NA,NA,0.7095,0.0195,99,1,0.8591,0,0.9788,0,Bayes-M8-full,20/07/2026,1
Kokolo,Kinshasa,1,FALSE,0.0025,1e-4,0.0087,0.0025,0.2736,122,0.0074,NA,NA,NA,NA,NA,NA,0.2172,0.0059,178,0.0772,0.7722,0,0.0193,0,Bayes-M8-full,20/07/2026,1
Kibombo,Maniema,1,FALSE,0.0025,0.0012,0.0044,0.0025,0.2763,120,0.0075,NA,NA,NA,NA,NA,NA,0.4614,0.0128,116,0.7452,0.1776,0,0.9228,0,Bayes-M8-full,20/07/2026,1
Kalima,Maniema,1,FALSE,0.0024,0.0011,0.0042,0.0024,0.2662,123,0.0072,NA,NA,NA,NA,NA,NA,0.3094,0.0083,145,0.4595,0.3205,0,0.4575,0,Bayes-M8-full,20/07/2026,1
Basali,Tshopo,1,FALSE,0.0024,9e-4,0.0048,0.0024,0.2642,124,0.0072,NA,NA,NA,NA,NA,NA,0.3779,0.01,130,0.834,0.0251,0,0.6525,0,Bayes-M8-full,20/07/2026,1
Kalemie,Tanganyika,1,FALSE,0.0024,9e-4,0.0045,0.0024,0.261,125,0.0071,NA,NA,NA,NA,NA,NA,0.3789,0.0099,132,0.6718,0.4575,0,0.3861,0,Bayes-M8-full,20/07/2026,1
Yamaluka,Mongala,1,FALSE,0.0023,8e-4,0.0048,0.0023,0.2559,126,0.0069,NA,NA,NA,NA,NA,NA,0.1974,0.0051,210,0.2799,0.1448,0,0.3649,0,Bayes-M8-full,20/07/2026,1
Mbulula,Tanganyika,1,FALSE,0.0023,0.001,0.0043,0.0023,0.2541,127,0.0069,NA,NA,NA,NA,NA,NA,0.5934,0.0151,107,0.6448,0.7761,0,0.9527,0,Bayes-M8-full,20/07/2026,1
Aketi,Bas-Uele,1,FALSE,0.0022,9e-4,0.0041,0.0022,0.2392,130,0.0065,NA,NA,NA,NA,NA,NA,0.6762,0.0162,105,0.9903,0.9363,0,0.778,0,Bayes-M8-full,20/07/2026,1
Lubao,Lomami,1,FALSE,0.0022,0.001,0.004,0.0022,0.2425,128,0.0066,NA,NA,NA,NA,NA,NA,0.3982,0.0097,133,0.6486,0.1525,0,0.7915,0,Bayes-M8-full,20/07/2026,1
Kailo,Maniema,1,FALSE,0.0022,0.001,0.004,0.0022,0.2414,129,0.0065,NA,NA,NA,NA,NA,NA,0.4276,0.0103,128,0.832,0.0946,0,0.7838,0,Bayes-M8-full,20/07/2026,1
Tunda,Maniema,1,FALSE,0.002,8e-4,0.0038,0.002,0.2227,131,0.006,NA,NA,NA,NA,NA,NA,0.459,0.0102,129,0.8977,0.0541,0,0.8842,0,Bayes-M8-full,20/07/2026,1
Opala,Tshopo,1,FALSE,0.002,8e-4,0.0038,0.002,0.2166,132,0.0059,NA,NA,NA,NA,NA,NA,0.4269,0.0093,139,0.7819,0.0792,0,0.8465,0,Bayes-M8-full,20/07/2026,1
Nyunzu,Tanganyika,1,FALSE,0.002,8e-4,0.0035,0.002,0.2149,133,0.0058,NA,NA,NA,NA,NA,NA,0.6023,0.013,115,0.9653,0.834,0,0.61,0,Bayes-M8-full,20/07/2026,1
Nsele,Kinshasa,1,FALSE,0.0019,2e-4,0.0057,0.0019,0.2041,136,0.0055,NA,NA,NA,NA,NA,NA,0.1583,0.0032,285,0.139,0.3996,0,0.0946,0,Bayes-M8-full,20/07/2026,1
Kabinda,Lomami,1,FALSE,0.0019,7e-4,0.0038,0.0019,0.2083,135,0.0056,NA,NA,NA,NA,NA,NA,0.4382,0.0091,141,0.5097,0.5541,0,0.6892,0,Bayes-M8-full,20/07/2026,1
Ludimbi Lukula,Lomami,1,FALSE,0.0019,8e-4,0.0034,0.0019,0.2041,137,0.0055,NA,NA,NA,NA,NA,NA,0.4513,0.0092,140,0.6931,0.3475,0,0.7645,0,Bayes-M8-full,20/07/2026,1
Yahuma,Tshopo,1,FALSE,0.0019,7e-4,0.0037,0.0019,0.2103,134,0.0057,NA,NA,NA,NA,NA,NA,0.4402,0.0093,138,0.8649,0.332,0,0.5637,0,Bayes-M8-full,20/07/2026,1
Kongolo,Tanganyika,1,FALSE,0.0019,7e-4,0.0038,0.0019,0.2038,138,0.0055,NA,NA,NA,NA,NA,NA,0.6829,0.0139,113,0.8861,0.9228,0,0.9228,0,Bayes-M8-full,20/07/2026,1
Likati,Bas-Uele,1,FALSE,0.0018,7e-4,0.0034,0.0018,0.1963,141,0.0053,NA,NA,NA,NA,NA,NA,0.7124,0.014,112,0.9942,0.971,0,0.8842,0,Bayes-M8-full,20/07/2026,1
Kasa Vubu,Kinshasa,1,FALSE,0.0018,0,0.0078,0.0018,0.1928,143,0.0052,NA,NA,NA,NA,NA,NA,0.0444,9e-4,429,0.0309,0.1216,0,0.0251,0,Bayes-M8-full,20/07/2026,1
Lingwala,Kinshasa,1,FALSE,0.0018,0,0.0092,0.0018,0.1964,140,0.0053,NA,NA,NA,NA,NA,NA,0.0323,6e-4,447,0.0232,0.0907,0,0.0154,0,Bayes-M8-full,20/07/2026,1
Tshofa,Lomami,1,FALSE,0.0018,8e-4,0.0033,0.0018,0.1947,142,0.0053,NA,NA,NA,NA,NA,NA,0.4416,0.0086,142,0.6757,0.3514,0,0.7394,0,Bayes-M8-full,20/07/2026,1
Yalimbongo,Tshopo,1,FALSE,0.0018,7e-4,0.0035,0.0018,0.1994,139,0.0054,NA,NA,NA,NA,NA,NA,0.3214,0.0064,168,0.5772,0.0483,0,0.6602,0,Bayes-M8-full,20/07/2026,1
Kabalo,Tanganyika,1,FALSE,0.0018,7e-4,0.0034,0.0018,0.192,144,0.0052,NA,NA,NA,NA,NA,NA,0.624,0.012,119,0.9035,0.7568,0,0.8359,0,Bayes-M8-full,20/07/2026,1
Kamana,Lomami,1,FALSE,0.0017,7e-4,0.0032,0.0017,0.1896,145,0.0051,NA,NA,NA,NA,NA,NA,0.2944,0.0056,188,0.5309,0.0174,0,0.6293,0,Bayes-M8-full,20/07/2026,1
Lolo,Mongala,1,FALSE,0.0017,7e-4,0.0032,0.0017,0.1842,146,0.005,NA,NA,NA,NA,NA,NA,0.3161,0.0058,184,0.4073,0.3263,0,0.5309,0,Bayes-M8-full,20/07/2026,1
Kiambi,Tanganyika,1,FALSE,0.0017,7e-4,0.0031,0.0017,0.1813,147,0.0049,NA,NA,NA,NA,NA,NA,0.5709,0.0104,125,0.9807,0.6834,0,0.6197,0,Bayes-M8-full,20/07/2026,1
Bondo,Bas-Uele,1,FALSE,0.0016,6e-4,0.0031,0.0016,0.1704,154,0.0046,NA,NA,NA,NA,NA,NA,0.6737,0.0115,122,0.9961,0.9981,0,0.7008,0,Bayes-M8-full,20/07/2026,1
Lisala,Mongala,1,FALSE,0.0016,5e-4,0.0035,0.0016,0.1784,148,0.0048,NA,NA,NA,NA,NA,NA,0.4093,0.0073,154,0.4286,0.4402,0,0.7683,0,Bayes-M8-full,20/07/2026,1
Wapinda,Nord-Ubangi,1,FALSE,0.0016,6e-4,0.0031,0.0016,0.1711,153,0.0046,NA,NA,NA,NA,NA,NA,0.6791,0.0116,120,0.9015,0.8398,0,0.9749,0,Bayes-M8-full,20/07/2026,1
Djalo Ndjeka,Sankuru,1,FALSE,0.0016,6e-4,0.0031,0.0016,0.1758,151,0.0048,NA,NA,NA,NA,NA,NA,0.3378,0.006,177,0.3591,0.0695,0,0.9228,0,Bayes-M8-full,20/07/2026,1
Djolu,Tshuapa,1,FALSE,0.0016,6e-4,0.0034,0.0016,0.1783,149,0.0048,NA,NA,NA,NA,NA,NA,0.5256,0.0094,137,0.7104,0.5985,0,0.7934,0,Bayes-M8-full,20/07/2026,1
Lingomo,Tshuapa,1,FALSE,0.0016,6e-4,0.0032,0.0016,0.1764,150,0.0048,NA,NA,NA,NA,NA,NA,0.5627,0.0099,131,0.8263,0.5869,0,0.8378,0,Bayes-M8-full,20/07/2026,1
Ikela,Tshuapa,1,FALSE,0.0016,6e-4,0.0031,0.0016,0.1745,152,0.0047,NA,NA,NA,NA,NA,NA,0.4633,0.0081,147,0.8147,0.1795,0,0.8591,0,Bayes-M8-full,20/07/2026,1
Maluku 1,Kinshasa,1,FALSE,0.0015,2e-4,0.004,0.0015,0.1643,159,0.0044,NA,NA,NA,NA,NA,NA,0.2321,0.0038,258,0.3475,0.4517,0,0.1293,0,Bayes-M8-full,20/07/2026,1
Kalambayi Kabanga,Lomami,1,FALSE,0.0015,6e-4,0.0028,0.0015,0.1656,158,0.0045,NA,NA,NA,NA,NA,NA,0.3132,0.0052,202,0.4556,0.1602,0,0.6371,0,Bayes-M8-full,20/07/2026,1
Kalonda Est,Lomami,1,FALSE,0.0015,6e-4,0.0028,0.0015,0.1624,161,0.0044,NA,NA,NA,NA,NA,NA,0.3292,0.0054,197,0.5425,0.1506,0,0.6236,0,Bayes-M8-full,20/07/2026,1
Mulumba,Lomami,1,FALSE,0.0015,6e-4,0.0029,0.0015,0.1673,156,0.0045,NA,NA,NA,NA,NA,NA,0.2587,0.0043,237,0.1834,0.3108,0,0.5405,0,Bayes-M8-full,20/07/2026,1
Ngandajika,Lomami,1,FALSE,0.0015,6e-4,0.0029,0.0015,0.1674,155,0.0045,NA,NA,NA,NA,NA,NA,0.3465,0.0058,185,0.2124,0.4459,0,0.7278,0,Bayes-M8-full,20/07/2026,1
Kanda Kanda,Lomami,1,FALSE,0.0015,6e-4,0.0028,0.0015,0.1627,160,0.0044,NA,NA,NA,NA,NA,NA,0.3012,0.0049,213,0.3185,0.1737,0,0.7124,0,Bayes-M8-full,20/07/2026,1
Katako Kombe,Sankuru,1,FALSE,0.0015,6e-4,0.0028,0.0015,0.1613,163,0.0044,NA,NA,NA,NA,NA,NA,0.4703,0.0076,153,0.7857,0.1313,0,0.9643,0,Bayes-M8-full,20/07/2026,1
Tshumbe,Sankuru,1,FALSE,0.0015,6e-4,0.0028,0.0015,0.1658,157,0.0045,NA,NA,NA,NA,NA,NA,0.3907,0.0065,165,0.5444,0.1718,0,0.8465,0,Bayes-M8-full,20/07/2026,1
Wembo Nyama,Sankuru,1,FALSE,0.0015,6e-4,0.0028,0.0015,0.1624,162,0.0044,NA,NA,NA,NA,NA,NA,0.4097,0.0067,159,0.5019,0.2143,0,0.9228,0,Bayes-M8-full,20/07/2026,1
Monga,Bas-Uele,1,FALSE,0.0014,5e-4,0.0028,0.0014,0.1567,164,0.0042,NA,NA,NA,NA,NA,NA,0.7336,0.0115,121,0.9826,0.9672,0,0.9846,0,Bayes-M8-full,20/07/2026,1
Kasansa,Kasaï-Oriental,1,FALSE,0.0014,5e-4,0.0027,0.0014,0.1519,169,0.0041,NA,NA,NA,NA,NA,NA,0.3349,0.0051,207,0.2568,0.6699,0,0.4131,0,Bayes-M8-full,20/07/2026,1
Wasolo,Nord-Ubangi,1,FALSE,0.0014,5e-4,0.0027,0.0014,0.1505,170,0.0041,NA,NA,NA,NA,NA,NA,0.5709,0.0086,144,0.5541,0.7413,0,0.9884,0,Bayes-M8-full,20/07/2026,1
Yakoma,Nord-Ubangi,1,FALSE,0.0014,5e-4,0.0029,0.0014,0.1555,166,0.0042,NA,NA,NA,NA,NA,NA,0.6641,0.0103,126,0.7124,0.9479,0,0.9961,0,Bayes-M8-full,20/07/2026,1
Omendjadi,Sankuru,1,FALSE,0.0014,6e-4,0.0027,0.0014,0.1537,167,0.0042,NA,NA,NA,NA,NA,NA,0.4262,0.0066,162,0.5502,0.2317,0,0.9228,0,Bayes-M8-full,20/07/2026,1
Dikungu,Sankuru,1,FALSE,0.0014,6e-4,0.0027,0.0014,0.1563,165,0.0042,NA,NA,NA,NA,NA,NA,0.3779,0.0059,181,0.4865,0.1409,0,0.8842,0,Bayes-M8-full,20/07/2026,1
Pania Mutombo,Sankuru,1,FALSE,0.0014,5e-4,0.0027,0.0014,0.152,168,0.0041,NA,NA,NA,NA,NA,NA,0.4117,0.0063,173,0.7413,0.1236,0,0.7819,0,Bayes-M8-full,20/07/2026,1
Yalifafu,Tshuapa,1,FALSE,0.0014,5e-4,0.0027,0.0014,0.1503,171,0.0041,NA,NA,NA,NA,NA,NA,0.4797,0.0072,156,0.7664,0.2683,0,0.8842,0,Bayes-M8-full,20/07/2026,1
Kitenge,Haut-Lomami,1,FALSE,0.0013,5e-4,0.0025,0.0013,0.1411,183,0.0038,NA,NA,NA,NA,NA,NA,0.5729,0.0081,146,0.8668,0.8069,0,0.6178,0,Bayes-M8-full,20/07/2026,1
Lubunga (Kasaï-Central),Kasaï-Central,1,FALSE,0.0013,5e-4,0.0025,0.0013,0.1402,185,0.0038,NA,NA,NA,NA,NA,NA,0.4599,0.0065,167,0.5637,0.4653,0,0.8108,0,Bayes-M8-full,20/07/2026,1
Bibanga,Kasaï-Oriental,1,FALSE,0.0013,5e-4,0.0025,0.0013,0.1466,174,0.004,NA,NA,NA,NA,NA,NA,0.2978,0.0044,236,0.3127,0.4884,0,0.39,0,Bayes-M8-full,20/07/2026,1
Citenge,Kasaï-Oriental,1,FALSE,0.0013,5e-4,0.0024,0.0013,0.1379,189,0.0037,NA,NA,NA,NA,NA,NA,0.2321,0.0032,287,0.1583,0.4749,0,0.2954,0,Bayes-M8-full,20/07/2026,1
Kabeya Kamwanga,Kasaï-Oriental,1,FALSE,0.0013,5e-4,0.0025,0.0013,0.139,187,0.0038,NA,NA,NA,NA,NA,NA,0.2968,0.0041,246,0.3224,0.3919,0,0.473,0,Bayes-M8-full,20/07/2026,1
Mukumbi,Kasaï-Oriental,1,FALSE,0.0013,5e-4,0.0025,0.0013,0.1458,176,0.004,NA,NA,NA,NA,NA,NA,0.2249,0.0033,280,0.2413,0.1892,0,0.4691,0,Bayes-M8-full,20/07/2026,1
Kamiji,Lomami,1,FALSE,0.0013,5e-4,0.0026,0.0013,0.1439,179,0.0039,NA,NA,NA,NA,NA,NA,0.2635,0.0038,260,0.3398,0.1293,0,0.5849,0,Bayes-M8-full,20/07/2026,1
Luputa,Lomami,1,FALSE,0.0013,5e-4,0.0027,0.0013,0.1474,172,0.004,NA,NA,NA,NA,NA,NA,0.3431,0.0051,209,0.3301,0.3166,0,0.7259,0,Bayes-M8-full,20/07/2026,1
Mweneditu,Lomami,1,FALSE,0.0013,5e-4,0.0026,0.0013,0.1431,180,0.0039,NA,NA,NA,NA,NA,NA,0.2799,0.004,249,0.166,0.3842,0,0.5695,0,Bayes-M8-full,20/07/2026,1
Yamongili,Mongala,1,FALSE,0.0013,5e-4,0.0025,0.0013,0.1412,182,0.0038,NA,NA,NA,NA,NA,NA,0.3243,0.0046,228,0.5116,0.3668,0,0.4189,0,Bayes-M8-full,20/07/2026,1
Bongandanga,Mongala,1,FALSE,0.0013,4e-4,0.0028,0.0013,0.1464,175,0.004,NA,NA,NA,NA,NA,NA,0.4228,0.0062,174,0.7587,0.0097,0,0.9228,0,Bayes-M8-full,20/07/2026,1
Bosondjo,Mongala,1,FALSE,0.0013,5e-4,0.0025,0.0013,0.1393,186,0.0038,NA,NA,NA,NA,NA,NA,0.3489,0.0049,216,0.5618,0.1931,0,0.6409,0,Bayes-M8-full,20/07/2026,1
Lodja,Sankuru,1,FALSE,0.0013,4e-4,0.0027,0.0013,0.1379,190,0.0037,NA,NA,NA,NA,NA,NA,0.4626,0.0064,169,0.2625,0.6351,0,0.9527,0,Bayes-M8-full,20/07/2026,1
Lomela,Sankuru,1,FALSE,0.0013,5e-4,0.0025,0.0013,0.1383,188,0.0037,NA,NA,NA,NA,NA,NA,0.4759,0.0066,161,0.8456,0.1351,0,0.9228,0,Bayes-M8-full,20/07/2026,1
Vanga Kete,Sankuru,1,FALSE,0.0013,5e-4,0.0025,0.0013,0.1454,177,0.0039,NA,NA,NA,NA,NA,NA,0.4503,0.0066,163,0.4672,0.4112,0,0.9228,0,Bayes-M8-full,20/07/2026,1
Minga,Sankuru,1,FALSE,0.0013,5e-4,0.0025,0.0013,0.1473,173,0.004,NA,NA,NA,NA,NA,NA,0.5347,0.0079,151,0.7838,0.471,0,0.8842,0,Bayes-M8-full,20/07/2026,1
Mompono,Tshuapa,1,FALSE,0.0013,5e-4,0.0026,0.0013,0.1407,184,0.0038,NA,NA,NA,NA,NA,NA,0.5598,0.0079,152,0.8089,0.6042,0,0.8263,0,Bayes-M8-full,20/07/2026,1
Mondombe,Tshuapa,1,FALSE,0.0013,5e-4,0.0026,0.0013,0.1416,181,0.0038,NA,NA,NA,NA,NA,NA,0.4797,0.0068,158,0.6622,0.3726,0,0.8842,0,Bayes-M8-full,20/07/2026,1
Kansimba,Tanganyika,1,FALSE,0.0013,5e-4,0.0025,0.0013,0.145,178,0.0039,NA,NA,NA,NA,NA,NA,0.5497,0.008,148,0.9479,0.7741,0,0.4768,0,Bayes-M8-full,20/07/2026,1
Manono,Tanganyika,1,FALSE,0.0013,4e-4,0.0025,0.0013,0.1375,191,0.0037,NA,NA,NA,NA,NA,NA,0.5758,0.0079,149,0.8784,0.9537,0,0.471,0,Bayes-M8-full,20/07/2026,1
Kabongo,Haut-Lomami,1,FALSE,0.0012,4e-4,0.0024,0.0012,0.1268,209,0.0034,NA,NA,NA,NA,NA,NA,0.5372,0.0068,157,0.8108,0.778,0,0.5598,0,Bayes-M8-full,20/07/2026,1
Kaniama,Haut-Lomami,1,FALSE,0.0012,5e-4,0.0024,0.0012,0.1353,195,0.0037,NA,NA,NA,NA,NA,NA,0.582,0.0079,150,0.8533,0.6622,0,0.8127,0,Bayes-M8-full,20/07/2026,1
Kayamba,Haut-Lomami,1,FALSE,0.0012,4e-4,0.0024,0.0012,0.1332,199,0.0036,NA,NA,NA,NA,NA,NA,0.4276,0.0057,186,0.7027,0.4189,0,0.5888,0,Bayes-M8-full,20/07/2026,1
Bobozo,Kasaï-Central,1,FALSE,0.0012,3e-4,0.0029,0.0012,0.1336,197,0.0036,NA,NA,NA,NA,NA,NA,0.2336,0.0031,294,0.1602,0.2857,0,0.4884,0,Bayes-M8-full,20/07/2026,1
Bunkonde,Kasaï-Central,1,FALSE,0.0012,4e-4,0.0023,0.0012,0.1279,208,0.0035,NA,NA,NA,NA,NA,NA,0.3523,0.0045,230,0.4015,0.278,0,0.7297,0,Bayes-M8-full,20/07/2026,1
Dibaya,Kasaï-Central,1,FALSE,0.0012,5e-4,0.0023,0.0012,0.1333,198,0.0036,NA,NA,NA,NA,NA,NA,0.3325,0.0044,234,0.3147,0.4479,0,0.5676,0,Bayes-M8-full,20/07/2026,1
Katende,Kasaï-Central,1,FALSE,0.0012,5e-4,0.0023,0.0012,0.128,206,0.0035,NA,NA,NA,NA,NA,NA,0.5154,0.0066,160,0.6525,0.6486,0,0.7606,0,Bayes-M8-full,20/07/2026,1
Tshikula,Kasaï-Central,1,FALSE,0.0012,5e-4,0.0022,0.0012,0.128,207,0.0035,NA,NA,NA,NA,NA,NA,0.3296,0.0042,242,0.3919,0.3185,0,0.6081,0,Bayes-M8-full,20/07/2026,1
Cilundu,Kasaï-Oriental,1,FALSE,0.0012,4e-4,0.0023,0.0012,0.1287,203,0.0035,NA,NA,NA,NA,NA,NA,0.221,0.0029,309,0.2317,0.3089,0,0.3436,0,Bayes-M8-full,20/07/2026,1
Tshilenge,Kasaï-Oriental,1,FALSE,0.0012,4e-4,0.0025,0.0013,0.1367,192,0.0037,NA,NA,NA,NA,NA,NA,0.2799,0.0038,257,0.1892,0.668,0,0.2625,0,Bayes-M8-full,20/07/2026,1
Tshishimbi,Kasaï-Oriental,1,FALSE,0.0012,4e-4,0.0024,0.0012,0.1349,196,0.0037,NA,NA,NA,NA,NA,NA,0.1742,0.0024,349,0.1795,0.2471,0,0.2703,0,Bayes-M8-full,20/07/2026,1
Kalamu 1,Kinshasa,1,FALSE,0.0012,0,0.006,0.0012,0.1263,210,0.0034,NA,NA,NA,NA,NA,NA,0.0309,4e-4,452,0.0193,0.0734,0,0.0309,0,Bayes-M8-full,20/07/2026,1
Maluku 2,Kinshasa,1,FALSE,0.0012,4e-4,0.0026,0.0012,0.1325,200,0.0036,NA,NA,NA,NA,NA,NA,0.4184,0.0056,190,0.6834,0.5463,0,0.444,0,Bayes-M8-full,20/07/2026,1
Kinshasa,Kinshasa,1,FALSE,0.0012,0,0.0072,0.0012,0.1363,194,0.0037,NA,NA,NA,NA,NA,NA,0.0203,3e-4,458,0.0135,0.0463,0,0.0212,0,Bayes-M8-full,20/07/2026,1
Kalenda,Lomami,1,FALSE,0.0012,5e-4,0.0023,0.0012,0.132,201,0.0036,NA,NA,NA,NA,NA,NA,0.2886,0.0038,259,0.388,0.1873,0,0.5792,0,Bayes-M8-full,20/07/2026,1
Bumba,Mongala,1,FALSE,0.0012,4e-4,0.0024,0.0012,0.1289,202,0.0035,NA,NA,NA,NA,NA,NA,0.2384,0.0031,296,0.1409,0.4537,0,0.3591,0,Bayes-M8-full,20/07/2026,1
Yambuku,Mongala,1,FALSE,0.0012,4e-4,0.0028,0.0012,0.1364,193,0.0037,NA,NA,NA,NA,NA,NA,0.4344,0.0059,179,0.5483,0.5753,0,0.6139,0,Bayes-M8-full,20/07/2026,1
Ototo,Sankuru,1,FALSE,0.0012,4e-4,0.0023,0.0012,0.1286,204,0.0035,NA,NA,NA,NA,NA,NA,0.4561,0.0059,183,0.5386,0.3629,0,0.9228,0,Bayes-M8-full,20/07/2026,1
Bokungu,Tshuapa,1,FALSE,0.0012,4e-4,0.0024,0.0012,0.1283,205,0.0035,NA,NA,NA,NA,NA,NA,0.49370000000000003,0.0063,170,0.695,0.3571,0,0.9228,0,Bayes-M8-full,20/07/2026,1
Bilomba,Kasaï-Central,1,FALSE,0.0011,4e-4,0.0021,0.0011,0.1167,224,0.0032,NA,NA,NA,NA,NA,NA,0.4006,0.0047,224,0.3378,0.4421,0,0.8224,0,Bayes-M8-full,20/07/2026,1
Kananga,Kasaï-Central,1,FALSE,0.0011,4e-4,0.0023,0.0011,0.1192,219,0.0032,NA,NA,NA,NA,NA,NA,0.2963,0.0035,273,0.1429,0.5579,0,0.4846,0,Bayes-M8-full,20/07/2026,1
Lubondaie,Kasaï-Central,1,FALSE,0.0011,4e-4,0.0022,0.0011,0.1237,214,0.0034,NA,NA,NA,NA,NA,NA,0.3147,0.0039,256,0.3822,0.1583,0,0.7181,0,Bayes-M8-full,20/07/2026,1
Mikalayi,Kasaï-Central,1,FALSE,0.0011,4e-4,0.0022,0.0011,0.117,222,0.0032,NA,NA,NA,NA,NA,NA,0.3948,0.0046,226,0.4517,0.5811,0,0.5463,0,Bayes-M8-full,20/07/2026,1
Mutoto,Kasaï-Central,1,FALSE,0.0011,4e-4,0.0021,0.0011,0.1155,226,0.0031,NA,NA,NA,NA,NA,NA,0.3441,0.004,251,0.4575,0.361,0,0.5579,0,Bayes-M8-full,20/07/2026,1
Ndekesha,Kasaï-Central,1,FALSE,0.0011,4e-4,0.0021,0.0011,0.1192,220,0.0032,NA,NA,NA,NA,NA,NA,0.4059,0.0049,220,0.4768,0.4498,0,0.6969,0,Bayes-M8-full,20/07/2026,1
Tshikaji,Kasaï-Central,1,FALSE,0.0011,4e-4,0.0021,0.0011,0.1168,223,0.0032,NA,NA,NA,NA,NA,NA,0.3195,0.0037,261,0.1873,0.5849,0,0.5058,0,Bayes-M8-full,20/07/2026,1
Yangala,Kasaï-Central,1,FALSE,0.0011,4e-4,0.002,0.0011,0.1155,225,0.0031,NA,NA,NA,NA,NA,NA,0.348,0.004,248,0.5927,0.2259,0,0.5734,0,Bayes-M8-full,20/07/2026,1
Miabi,Kasaï-Oriental,1,FALSE,0.0011,4e-4,0.0023,0.0011,0.1231,215,0.0033,NA,NA,NA,NA,NA,NA,0.2838,0.0035,275,0.2297,0.6525,0,0.2529,0,Bayes-M8-full,20/07/2026,1
Mpokolo,Kasaï-Oriental,1,FALSE,0.0011,4e-4,0.0022,0.0011,0.1238,213,0.0034,NA,NA,NA,NA,NA,NA,0.2901,0.0036,269,0.1255,0.6873,0,0.3475,0,Bayes-M8-full,20/07/2026,1
Wikong,Lomami,1,FALSE,0.0011,4e-4,0.0022,0.0011,0.1256,211,0.0034,NA,NA,NA,NA,NA,NA,0.3663,0.0046,227,0.2529,0.4228,0,0.7896,0,Bayes-M8-full,20/07/2026,1
Abuzi,Nord-Ubangi,1,FALSE,0.0011,4e-4,0.0022,0.0011,0.1201,217,0.0033,NA,NA,NA,NA,NA,NA,0.7153,0.0086,143,0.9846,0.9054,0,0.971,0,Bayes-M8-full,20/07/2026,1
Bena Dibele,Sankuru,1,FALSE,0.0011,4e-4,0.0022,0.0011,0.1203,216,0.0033,NA,NA,NA,NA,NA,NA,0.4093,0.0049,212,0.6216,0.1564,0,0.8591,0,Bayes-M8-full,20/07/2026,1
Befale,Tshuapa,1,FALSE,0.0011,4e-4,0.0023,0.0011,0.1254,212,0.0034,NA,NA,NA,NA,NA,NA,0.5145,0.0065,166,0.8822,0.4903,0,0.6853,0,Bayes-M8-full,20/07/2026,1
Busanga,Tshuapa,1,FALSE,0.0011,4e-4,0.0022,0.0011,0.1179,221,0.0032,NA,NA,NA,NA,NA,NA,0.4452,0.0053,200,0.6602,0.168,0,0.9527,0,Bayes-M8-full,20/07/2026,1
Ankoro,Tanganyika,1,FALSE,0.0011,4e-4,0.0021,0.0011,0.1199,218,0.0032,NA,NA,NA,NA,NA,NA,0.6047,0.0073,155,0.9266,0.8282,0,0.6641,0,Bayes-M8-full,20/07/2026,1
Mbandaka,Equateur,1,FALSE,0.001,3e-4,0.0022,0.001,0.1058,249,0.0029,NA,NA,NA,NA,NA,NA,0.5164,0.0055,191,0.6409,0.9633,0,0.4614,0,Bayes-M8-full,20/07/2026,1
Monieka,Equateur,1,FALSE,0.001,3e-4,0.0022,0.001,0.1095,240,0.003,NA,NA,NA,NA,NA,NA,0.596,0.0065,164,0.9768,0.7336,0,0.6737,0,Bayes-M8-full,20/07/2026,1
Mitwaba,Haut-Katanga,1,FALSE,0.001,4e-4,0.0021,0.001,0.1119,234,0.003,NA,NA,NA,NA,NA,NA,0.3528,0.004,252,0.8012,0.0618,0,0.5483,0,Bayes-M8-full,20/07/2026,1
Kipushi,Haut-Katanga,1,FALSE,0.001,2e-4,0.0026,0.001,0.1067,248,0.0029,NA,NA,NA,NA,NA,NA,0.1216,0.0013,402,0.2703,0.1081,0,0.1081,0,Bayes-M8-full,20/07/2026,1
Pweto,Haut-Katanga,1,FALSE,0.001,3e-4,0.002,0.001,0.1056,251,0.0029,NA,NA,NA,NA,NA,NA,0.3518,0.0037,262,0.7992,0.2587,0,0.3494,0,Bayes-M8-full,20/07/2026,1
Kinkondja,Haut-Lomami,1,FALSE,0.001,4e-4,0.0019,0.001,0.1056,252,0.0029,NA,NA,NA,NA,NA,NA,0.4889,0.0052,203,0.7278,0.6274,0,0.6004,0,Bayes-M8-full,20/07/2026,1
Malemba Nkulu,Haut-Lomami,1,FALSE,0.001,3e-4,0.002,0.001,0.1067,247,0.0029,NA,NA,NA,NA,NA,NA,0.3895,0.0042,244,0.36870000000000003,0.7664,0,0.4228,0,Bayes-M8-full,20/07/2026,1
Mukanga,Haut-Lomami,1,FALSE,0.001,4e-4,0.002,0.001,0.1095,241,0.003,NA,NA,NA,NA,NA,NA,0.4739,0.0052,201,0.6853,0.6911,0,0.5193,0,Bayes-M8-full,20/07/2026,1
Mulongo,Haut-Lomami,1,FALSE,0.001,4e-4,0.002,0.001,0.1118,236,0.003,NA,NA,NA,NA,NA,NA,0.4773,0.0053,198,0.7471,0.7703,0,0.3919,0,Bayes-M8-full,20/07/2026,1
Baka,Haut-Lomami,1,FALSE,0.001,3e-4,0.0024,0.001,0.1102,239,0.003,NA,NA,NA,NA,NA,NA,0.4319,0.0048,223,0.4344,0.8919,0,0.4015,0,Bayes-M8-full,20/07/2026,1
Kinda,Haut-Lomami,1,FALSE,0.001,3e-4,0.0021,0.001,0.1068,245,0.0029,NA,NA,NA,NA,NA,NA,0.5077,0.0054,192,0.9884,0.4266,0,0.6158,0,Bayes-M8-full,20/07/2026,1
Songa,Haut-Lomami,1,FALSE,0.001,4e-4,0.002,0.001,0.1138,228,0.0031,NA,NA,NA,NA,NA,NA,0.473,0.0054,195,0.9344,0.3533,0,0.6042,0,Bayes-M8-full,20/07/2026,1
Luebo,Kasaï,1,FALSE,0.001,4e-4,0.0021,0.001,0.1117,237,0.003,NA,NA,NA,NA,NA,NA,0.4353,0.0049,215,0.5232,0.5116,0,0.7066,0,Bayes-M8-full,20/07/2026,1
Bena Leka,Kasaï-Central,1,FALSE,0.001,3e-4,0.002,0.001,0.1081,242,0.0029,NA,NA,NA,NA,NA,NA,0.4986,0.0054,194,0.6062,0.7162,0,0.6718,0,Bayes-M8-full,20/07/2026,1
Bena Tshadi,Kasaï-Central,1,FALSE,0.001,3e-4,0.002,0.001,0.1081,243,0.0029,NA,NA,NA,NA,NA,NA,0.472,0.0051,206,0.6699,0.3784,0,0.8398,0,Bayes-M8-full,20/07/2026,1
Demba,Kasaï-Central,1,FALSE,0.001,3e-4,0.002,0.001,0.1079,244,0.0029,NA,NA,NA,NA,NA,NA,0.4117,0.0045,233,0.4653,0.7143,0,0.4672,0,Bayes-M8-full,20/07/2026,1
Lukonga,Kasaï-Central,1,FALSE,0.001,4e-4,0.002,0.001,0.1127,232,0.0031,NA,NA,NA,NA,NA,NA,0.3282,0.0037,263,0.2239,0.6429,0,0.4459,0,Bayes-M8-full,20/07/2026,1
Muetshi,Kasaï-Central,1,FALSE,0.001,4e-4,0.002,0.001,0.1122,233,0.003,NA,NA,NA,NA,NA,NA,0.4792,0.0054,196,0.6158,0.5386,0,0.7625,0,Bayes-M8-full,20/07/2026,1
Ndesha,Kasaï-Central,1,FALSE,0.001,4e-4,0.0021,0.001,0.1108,238,0.003,NA,NA,NA,NA,NA,NA,0.2317,0.0026,332,0.1448,0.3456,0,0.4363,0,Bayes-M8-full,20/07/2026,1
Luiza,Kasaï-Central,1,FALSE,0.001,3e-4,0.002,0.001,0.1056,250,0.0029,NA,NA,NA,NA,NA,NA,0.4218,0.0045,232,0.4807,0.6293,0,0.5772,0,Bayes-M8-full,20/07/2026,1
Makota,Lomami,1,FALSE,0.001,4e-4,0.002,0.001,0.113,231,0.0031,NA,NA,NA,NA,NA,NA,0.2587,0.0029,304,0.1023,0.3764,0,0.556,0,Bayes-M8-full,20/07/2026,1
Kalamba,Lualaba,1,FALSE,0.001,4e-4,0.002,0.001,0.1135,230,0.0031,NA,NA,NA,NA,NA,NA,0.4542,0.0052,204,0.8803,0.2375,0,0.6988,0,Bayes-M8-full,20/07/2026,1
Boso Manzi,Mongala,1,FALSE,0.001,3e-4,0.002,0.001,0.1067,246,0.0029,NA,NA,NA,NA,NA,NA,0.3982,0.0043,241,0.5695,0.2278,0,0.7954,0,Bayes-M8-full,20/07/2026,1
Pimu,Mongala,1,FALSE,0.001,4e-4,0.0021,0.001,0.1137,229,0.0031,NA,NA,NA,NA,NA,NA,0.4257,0.0049,219,0.583,0.3707,0,0.749,0,Bayes-M8-full,20/07/2026,1
Lusambo,Sankuru,1,FALSE,0.001,4e-4,0.002,0.001,0.1119,235,0.003,NA,NA,NA,NA,NA,NA,0.4833,0.0054,193,0.6815,0.2992,0,0.9527,0,Bayes-M8-full,20/07/2026,1
Tshudi Loto,Sankuru,1,FALSE,0.001,3e-4,0.0022,0.001,0.114,227,0.0031,NA,NA,NA,NA,NA,NA,0.4237,0.0048,222,0.7683,0.0039,0,0.9228,0,Bayes-M8-full,20/07/2026,1
Djombo,Equateur,1,FALSE,9e-4,3e-4,0.0018,9e-4,0.0965,267,0.0026,NA,NA,NA,NA,NA,NA,0.6554,0.0063,171,0.917,0.7819,0,0.9228,0,Bayes-M8-full,20/07/2026,1
Mufunga Sampwe,Haut-Katanga,1,FALSE,9e-4,3e-4,0.0017,9e-4,0.0951,269,0.0026,NA,NA,NA,NA,NA,NA,0.3774,0.0036,268,0.8185,0.0888,0,0.6023,0,Bayes-M8-full,20/07/2026,1
Kabondo Dianda,Haut-Lomami,1,FALSE,9e-4,3e-4,0.0017,9e-4,0.095,270,0.0026,NA,NA,NA,NA,NA,NA,0.4107,0.0039,255,0.5888,0.5714,0,0.4826,0,Bayes-M8-full,20/07/2026,1
Lwamba,Haut-Lomami,1,FALSE,9e-4,3e-4,0.0018,9e-4,0.1028,256,0.0028,NA,NA,NA,NA,NA,NA,0.4865,0.005,211,0.8069,0.6409,0,0.4981,0,Bayes-M8-full,20/07/2026,1
Kamina,Haut-Lomami,1,FALSE,9e-4,3e-4,0.002,9e-4,0.102,258,0.0028,NA,NA,NA,NA,NA,NA,0.5164,0.0053,199,0.8301,0.8301,0,0.4054,0,Bayes-M8-full,20/07/2026,1
Kakenge,Kasaï,1,FALSE,9e-4,3e-4,0.0018,9e-4,0.0991,262,0.0027,NA,NA,NA,NA,NA,NA,0.4522,0.0045,231,0.5753,0.4788,0,0.7548,0,Bayes-M8-full,20/07/2026,1
Mweka,Kasaï,1,FALSE,9e-4,3e-4,0.0019,9e-4,0.1014,260,0.0027,NA,NA,NA,NA,NA,NA,0.5053,0.0051,205,0.4788,0.7239,0,0.8185,0,Bayes-M8-full,20/07/2026,1
Ndjoko Mpunda,Kasaï,1,FALSE,9e-4,3e-4,0.0017,9e-4,0.094,273,0.0025,NA,NA,NA,NA,NA,NA,0.333,0.0031,291,0.3977,0.2915,0,0.6429,0,Bayes-M8-full,20/07/2026,1
Katoka,Kasaï-Central,1,FALSE,9e-4,3e-4,0.0018,9e-4,0.0985,266,0.0027,NA,NA,NA,NA,NA,NA,0.2645,0.0026,325,0.1216,0.473,0,0.4633,0,Bayes-M8-full,20/07/2026,1
Kalomba,Kasaï-Central,1,FALSE,9e-4,3e-4,0.0018,9e-4,0.0963,268,0.0026,NA,NA,NA,NA,NA,NA,0.2944,0.0028,310,0.3166,0.1467,0,0.7143,0,Bayes-M8-full,20/07/2026,1
Masuika,Kasaï-Central,1,FALSE,9e-4,3e-4,0.002,9e-4,0.1031,255,0.0028,NA,NA,NA,NA,NA,NA,0.3885,0.004,250,0.3263,0.5618,0,0.666,0,Bayes-M8-full,20/07/2026,1
Tshibala,Kasaï-Central,1,FALSE,9e-4,3e-4,0.0019,9e-4,0.1019,259,0.0028,NA,NA,NA,NA,NA,NA,0.4218,0.0043,239,0.4266,0.5772,0,0.6834,0,Bayes-M8-full,20/07/2026,1
Bonzola,Kasaï-Oriental,1,FALSE,9e-4,3e-4,0.0019,9e-4,0.0988,263,0.0027,NA,NA,NA,NA,NA,NA,0.2958,0.0029,303,0.0927,0.7934,0,0.2973,0,Bayes-M8-full,20/07/2026,1
Nzaba,Kasaï-Oriental,1,FALSE,9e-4,3e-4,0.0019,9e-4,0.1033,254,0.0028,NA,NA,NA,NA,NA,NA,0.278,0.0029,307,0.1042,0.6931,0,0.3147,0,Bayes-M8-full,20/07/2026,1
Limete,Kinshasa,1,FALSE,9e-4,0,0.0035,9e-4,0.0935,274,0.0025,NA,NA,NA,NA,NA,NA,0.056,5e-4,449,0.0405,0.1371,0,0.0463,0,Bayes-M8-full,20/07/2026,1
Bandalungwa,Kinshasa,1,FALSE,9e-4,0,0.0036,9e-4,0.0946,272,0.0026,NA,NA,NA,NA,NA,NA,0.0709,7e-4,443,0.0328,0.2336,0,0.0174,0,Bayes-M8-full,20/07/2026,1
Kintambo,Kinshasa,1,FALSE,9e-4,0,0.0044,9e-4,0.0987,264,0.0027,NA,NA,NA,NA,NA,NA,0.0338,3e-4,456,0.0212,0.1004,0,0.0135,0,Bayes-M8-full,20/07/2026,1
Binga,Mongala,1,FALSE,9e-4,3e-4,0.0018,9e-4,0.0949,271,0.0026,NA,NA,NA,NA,NA,NA,0.3306,0.0031,290,0.4749,0.249,0,0.5985,0,Bayes-M8-full,20/07/2026,1
Mobayi Mbongo,Nord-Ubangi,1,FALSE,9e-4,3e-4,0.0019,9e-4,0.1022,257,0.0028,NA,NA,NA,NA,NA,NA,0.5458,0.0056,189,0.9324,0.8166,0,0.4344,0,Bayes-M8-full,20/07/2026,1
Kole,Sankuru,1,FALSE,9e-4,3e-4,0.0018,9e-4,0.1006,261,0.0027,NA,NA,NA,NA,NA,NA,0.4802,0.0048,221,0.7761,0.2606,0,0.8842,0,Bayes-M8-full,20/07/2026,1
Boende,Tshuapa,1,FALSE,9e-4,3e-4,0.002,9e-4,0.0986,265,0.0027,NA,NA,NA,NA,NA,NA,0.4199,0.0042,245,0.6988,0.4807,0,0.5,0,Bayes-M8-full,20/07/2026,1
Moba,Tanganyika,1,FALSE,9e-4,3e-4,0.0021,9e-4,0.1035,253,0.0028,NA,NA,NA,NA,NA,NA,0.3808,0.0039,253,0.6178,0.4942,0,0.4112,0,Bayes-M8-full,20/07/2026,1
Basankusu,Equateur,1,FALSE,8e-4,3e-4,0.0017,8e-4,0.0873,287,0.0024,NA,NA,NA,NA,NA,NA,0.6844,0.006,176,0.9517,0.8629,0,0.9228,0,Bayes-M8-full,20/07/2026,1
Lotumbe,Equateur,1,FALSE,8e-4,2e-4,0.0017,8e-4,0.0871,288,0.0024,NA,NA,NA,NA,NA,NA,0.5816,0.0051,208,0.9691,0.7085,0,0.6486,0,Bayes-M8-full,20/07/2026,1
Bukama,Haut-Lomami,1,FALSE,8e-4,3e-4,0.0017,9e-4,0.0929,275,0.0025,NA,NA,NA,NA,NA,NA,0.4764,0.0044,235,0.7143,0.7625,0,0.4286,0,Bayes-M8-full,20/07/2026,1
Bulape,Kasaï,1,FALSE,8e-4,3e-4,0.0015,8e-4,0.0831,297,0.0023,NA,NA,NA,NA,NA,NA,0.4315,0.0036,270,0.7066,0.1853,0,0.834,0,Bayes-M8-full,20/07/2026,1
Mushenge,Kasaï,1,FALSE,8e-4,3e-4,0.0017,8e-4,0.0914,276,0.0025,NA,NA,NA,NA,NA,NA,0.3229,0.003,302,0.5946,0.0656,0,0.6313,0,Bayes-M8-full,20/07/2026,1
Kamwesha,Kasaï,1,FALSE,8e-4,2e-4,0.0018,8e-4,0.0899,279,0.0024,NA,NA,NA,NA,NA,NA,0.2732,0.0025,341,0.3456,0.2876,0,0.4595,0,Bayes-M8-full,20/07/2026,1
Nyanga,Kasaï,1,FALSE,8e-4,3e-4,0.0016,8e-4,0.0868,290,0.0024,NA,NA,NA,NA,NA,NA,0.348,0.003,299,0.4402,0.3803,0,0.5714,0,Bayes-M8-full,20/07/2026,1
Luambo,Kasaï-Central,1,FALSE,8e-4,2e-4,0.0016,8e-4,0.0829,298,0.0022,NA,NA,NA,NA,NA,NA,0.3769,0.0031,293,0.5347,0.5656,0,0.4073,0,Bayes-M8-full,20/07/2026,1
Kikimi,Kinshasa,1,FALSE,8e-4,0,0.0028,8e-4,0.0908,277,0.0025,NA,NA,NA,NA,NA,NA,0.0835,8e-4,437,0.056,0.1911,0,0.0869,0,Bayes-M8-full,20/07/2026,1
Binza Meteo,Kinshasa,1,FALSE,8e-4,1e-4,0.0027,8e-4,0.0896,281,0.0024,NA,NA,NA,NA,NA,NA,0.2558,0.0023,350,0.0965,0.8996,0,0.027,0,Bayes-M8-full,20/07/2026,1
Mont Ngafula 1,Kinshasa,1,FALSE,8e-4,1e-4,0.0026,8e-4,0.0853,293,0.0023,NA,NA,NA,NA,NA,NA,0.2066,0.0018,374,0.1371,0.6313,0,0.0579,0,Bayes-M8-full,20/07/2026,1
Kafakumba,Lualaba,1,FALSE,8e-4,3e-4,0.0017,8e-4,0.0904,278,0.0025,NA,NA,NA,NA,NA,NA,0.4648,0.0042,243,0.8687,0.2027,0,0.7876,0,Bayes-M8-full,20/07/2026,1
Lubudi,Lualaba,1,FALSE,8e-4,3e-4,0.0016,8e-4,0.0868,291,0.0024,NA,NA,NA,NA,NA,NA,0.4667,0.0041,247,0.9151,0.4614,0,0.4903,0,Bayes-M8-full,20/07/2026,1
Boso Mondanda,Mongala,1,FALSE,8e-4,3e-4,0.0017,8e-4,0.0896,282,0.0024,NA,NA,NA,NA,NA,NA,0.3716,0.0033,279,0.5869,0.1486,0,0.751,0,Bayes-M8-full,20/07/2026,1
Bili (Nord-Ubangi),Nord-Ubangi,1,FALSE,8e-4,2e-4,0.0016,8e-4,0.0836,295,0.0023,NA,NA,NA,NA,NA,NA,0.7075,0.0059,180,0.9247,0.9189,0,0.9865,0,Bayes-M8-full,20/07/2026,1
Bosobolo,Nord-Ubangi,1,FALSE,8e-4,3e-4,0.0017,8e-4,0.0884,285,0.0024,NA,NA,NA,NA,NA,NA,0.7148,0.0063,172,0.9363,0.9459,0,0.9768,0,Bayes-M8-full,20/07/2026,1
Businga,Nord-Ubangi,1,FALSE,8e-4,3e-4,0.0017,8e-4,0.089,284,0.0024,NA,NA,NA,NA,NA,NA,0.6781,0.0061,175,0.9286,0.861,0,0.9228,0,Bayes-M8-full,20/07/2026,1
Gbadolite,Nord-Ubangi,1,FALSE,8e-4,2e-4,0.0017,8e-4,0.0834,296,0.0023,NA,NA,NA,NA,NA,NA,0.5183,0.0043,238,0.7915,0.9653,0,0.3166,0,Bayes-M8-full,20/07/2026,1
Karawa,Nord-Ubangi,1,FALSE,8e-4,2e-4,0.0018,8e-4,0.0874,286,0.0024,NA,NA,NA,NA,NA,NA,0.6404,0.0056,187,0.7568,0.973,0,0.832,0,Bayes-M8-full,20/07/2026,1
Loko,Nord-Ubangi,1,FALSE,8e-4,3e-4,0.0017,8e-4,0.0899,280,0.0024,NA,NA,NA,NA,NA,NA,0.6535,0.0059,182,0.9402,0.9266,0,0.7471,0,Bayes-M8-full,20/07/2026,1
Bominenge,Sud-Ubangi,1,FALSE,8e-4,3e-4,0.0016,8e-4,0.0838,294,0.0023,NA,NA,NA,NA,NA,NA,0.3258,0.0027,319,0.2819,0.0985,0,0.9228,0,Bayes-M8-full,20/07/2026,1
Bulu,Sud-Ubangi,1,FALSE,8e-4,3e-4,0.0016,8e-4,0.0867,292,0.0023,NA,NA,NA,NA,NA,NA,0.3147,0.0027,320,0.3649,0.1988,0,0.695,0,Bayes-M8-full,20/07/2026,1
Mbaya,Sud-Ubangi,1,FALSE,8e-4,2e-4,0.0017,8e-4,0.0869,289,0.0024,NA,NA,NA,NA,NA,NA,0.3142,0.0027,318,0.3514,0.2239,0,0.6815,0,Bayes-M8-full,20/07/2026,1
Ndage,Sud-Ubangi,1,FALSE,8e-4,3e-4,0.0017,8e-4,0.0891,283,0.0024,NA,NA,NA,NA,NA,NA,0.3533,0.0032,289,0.3996,0.2761,0,0.7375,0,Bayes-M8-full,20/07/2026,1
Bolomba,Equateur,1,FALSE,7e-4,2e-4,0.0016,7e-4,0.0792,307,0.0021,NA,NA,NA,NA,NA,NA,0.6163,0.0049,214,0.9575,0.8533,0,0.6544,0,Bayes-M8-full,20/07/2026,1
Iboko,Equateur,1,FALSE,7e-4,2e-4,0.0014,7e-4,0.0746,324,0.002,NA,NA,NA,NA,NA,NA,0.612,0.0046,229,0.8282,0.7915,0,0.8282,0,Bayes-M8-full,20/07/2026,1
Ingende,Equateur,1,FALSE,7e-4,2e-4,0.0015,7e-4,0.0815,299,0.0022,NA,NA,NA,NA,NA,NA,0.596,0.0049,217,0.9208,0.8571,0,0.6062,0,Bayes-M8-full,20/07/2026,1
Makanza,Equateur,1,FALSE,7e-4,2e-4,0.0014,7e-4,0.076,319,0.0021,NA,NA,NA,NA,NA,NA,0.639,0.0049,218,0.9537,0.7954,0,0.8069,0,Bayes-M8-full,20/07/2026,1
Lubumbashi,Haut-Katanga,1,FALSE,7e-4,1e-4,0.0019,7e-4,0.0809,303,0.0022,NA,NA,NA,NA,NA,NA,0.1105,9e-4,426,0.1081,0.2104,0,0.1236,0,Bayes-M8-full,20/07/2026,1
Butumba,Haut-Lomami,1,FALSE,7e-4,2e-4,0.0015,7e-4,0.0769,315,0.0021,NA,NA,NA,NA,NA,NA,0.4595,0.0035,272,0.7973,0.4151,0,0.6255,0,Bayes-M8-full,20/07/2026,1
Dekese,Kasaï,1,FALSE,7e-4,2e-4,0.0014,7e-4,0.0739,329,0.002,NA,NA,NA,NA,NA,NA,0.4633,0.0034,278,0.9189,0.2181,0,0.7162,0,Bayes-M8-full,20/07/2026,1
Ilebo,Kasaï,1,FALSE,7e-4,2e-4,0.0014,7e-4,0.0764,317,0.0021,NA,NA,NA,NA,NA,NA,0.3142,0.0024,343,0.2162,0.6139,0,0.4266,0,Bayes-M8-full,20/07/2026,1
Banga Lubaka,Kasaï,1,FALSE,7e-4,2e-4,0.0014,7e-4,0.076,318,0.0021,NA,NA,NA,NA,NA,NA,0.3205,0.0024,342,0.5174,0.0444,0,0.7201,0,Bayes-M8-full,20/07/2026,1
Kalonda Ouest,Kasaï,1,FALSE,7e-4,2e-4,0.0015,7e-4,0.0775,314,0.0021,NA,NA,NA,NA,NA,NA,0.2239,0.0017,376,0.2915,0.251,0,0.3533,0,Bayes-M8-full,20/07/2026,1
Kanzala,Kasaï,1,FALSE,7e-4,2e-4,0.0014,7e-4,0.0746,323,0.002,NA,NA,NA,NA,NA,NA,0.2046,0.0015,389,0.168,0.3127,0,0.3378,0,Bayes-M8-full,20/07/2026,1
Kitangwa,Kasaï,1,FALSE,7e-4,2e-4,0.0014,7e-4,0.0727,334,0.002,NA,NA,NA,NA,NA,NA,0.3287,0.0024,346,0.6332,0.1062,0,0.5753,0,Bayes-M8-full,20/07/2026,1
Mutena,Kasaï,1,FALSE,7e-4,3e-4,0.0015,7e-4,0.0814,300,0.0022,NA,NA,NA,NA,NA,NA,0.2336,0.0019,362,0.334,0.0753,0,0.5251,0,Bayes-M8-full,20/07/2026,1
Tshikapa,Kasaï,1,FALSE,7e-4,2e-4,0.0015,7e-4,0.0755,320,0.002,NA,NA,NA,NA,NA,NA,0.3156,0.0024,347,0.2722,0.6506,0,0.3398,0,Bayes-M8-full,20/07/2026,1
Lukelenge,Kasaï-Oriental,1,FALSE,7e-4,2e-4,0.0016,7e-4,0.0812,301,0.0022,NA,NA,NA,NA,NA,NA,0.2249,0.0018,366,0.0811,0.5,0,0.3185,0,Bayes-M8-full,20/07/2026,1
Muya,Kasaï-Oriental,1,FALSE,7e-4,1e-4,0.0015,7e-4,0.0729,333,0.002,NA,NA,NA,NA,NA,NA,0.2495,0.0018,367,0.0753,0.5888,0,0.334,0,Bayes-M8-full,20/07/2026,1
Matete,Kinshasa,1,FALSE,7e-4,0,0.0033,7e-4,0.0736,330,0.002,NA,NA,NA,NA,NA,NA,0.0492,4e-4,454,0.0251,0.1158,0,0.056,0,Bayes-M8-full,20/07/2026,1
Ngiri Ngiri,Kinshasa,1,FALSE,7e-4,0,0.0038,7e-4,0.0732,332,0.002,NA,NA,NA,NA,NA,NA,0.028,2e-4,463,0.0154,0.0676,0,0.029,0,Bayes-M8-full,20/07/2026,1
Masina 1,Kinshasa,1,FALSE,7e-4,0,0.0041,7e-4,0.0777,313,0.0021,NA,NA,NA,NA,NA,NA,0.0193,1e-4,467,0.0077,0.0077,0,0.0618,0,Bayes-M8-full,20/07/2026,1
Masina 2,Kinshasa,1,FALSE,7e-4,0,0.004,7e-4,0.0746,322,0.002,NA,NA,NA,NA,NA,NA,0.0265,2e-4,464,0.0174,0.0193,0,0.0695,0,Bayes-M8-full,20/07/2026,1
Barumbu,Kinshasa,1,FALSE,7e-4,0,0.0042,7e-4,0.0796,306,0.0022,NA,NA,NA,NA,NA,NA,0.014,1e-4,469,0.0097,0.0232,0,0.0232,0,Bayes-M8-full,20/07/2026,1
Binza Ozone,Kinshasa,1,FALSE,7e-4,0,0.0026,7e-4,0.0785,311,0.0021,NA,NA,NA,NA,NA,NA,0.152,0.0012,412,0.0734,0.5232,0,0.0116,0,Bayes-M8-full,20/07/2026,1
Mont Ngafula 2,Kinshasa,1,FALSE,7e-4,0,0.0022,7e-4,0.0741,328,0.002,NA,NA,NA,NA,NA,NA,0.0951,7e-4,441,0.0849,0.2568,0,0.0386,0,Bayes-M8-full,20/07/2026,1
Idiofa,Kwilu,1,FALSE,7e-4,2e-4,0.0016,7e-4,0.0732,331,0.002,NA,NA,NA,NA,NA,NA,0.486,0.0036,271,0.4537,0.749,0,0.7413,0,Bayes-M8-full,20/07/2026,1
Koshibanda,Kwilu,1,FALSE,7e-4,2e-4,0.0015,7e-4,0.0743,325,0.002,NA,NA,NA,NA,NA,NA,0.4913,0.0037,264,0.5193,0.6757,0,0.7703,0,Bayes-M8-full,20/07/2026,1
Mukedi,Kwilu,1,FALSE,7e-4,2e-4,0.0016,7e-4,0.0811,302,0.0022,NA,NA,NA,NA,NA,NA,0.4836,0.0039,254,0.5367,0.7066,0,0.6911,0,Bayes-M8-full,20/07/2026,1
Kapanga,Lualaba,1,FALSE,7e-4,2e-4,0.0015,7e-4,0.0789,308,0.0021,NA,NA,NA,NA,NA,NA,0.4112,0.0033,284,0.8514,0.3938,0,0.3996,0,Bayes-M8-full,20/07/2026,1
Bunkeya,Lualaba,1,FALSE,7e-4,2e-4,0.0016,7e-4,0.0742,326,0.002,NA,NA,NA,NA,NA,NA,0.4218,0.0031,292,0.8243,0.5019,0,0.361,0,Bayes-M8-full,20/07/2026,1
Mutshatsha,Lualaba,1,FALSE,7e-4,2e-4,0.0019,7e-4,0.0789,309,0.0021,NA,NA,NA,NA,NA,NA,0.3808,0.003,300,0.971,0.1023,0,0.4498,0,Bayes-M8-full,20/07/2026,1
Bogosenubea,Sud-Ubangi,1,FALSE,7e-4,2e-4,0.0015,7e-4,0.0781,312,0.0021,NA,NA,NA,NA,NA,NA,0.4107,0.0032,286,0.4981,0.3031,0,0.8417,0,Bayes-M8-full,20/07/2026,1
Budjala,Sud-Ubangi,1,FALSE,7e-4,2e-4,0.0015,7e-4,0.0797,305,0.0022,NA,NA,NA,NA,NA,NA,0.43,0.0034,277,0.5154,0.4035,0,0.8012,0,Bayes-M8-full,20/07/2026,1
Bwamanda,Sud-Ubangi,1,FALSE,7e-4,2e-4,0.0015,7e-4,0.0742,327,0.002,NA,NA,NA,NA,NA,NA,0.4667,0.0035,276,0.4189,0.7394,0,0.7085,0,Bayes-M8-full,20/07/2026,1
Gemena,Sud-Ubangi,1,FALSE,7e-4,2e-4,0.0017,7e-4,0.0788,310,0.0021,NA,NA,NA,NA,NA,NA,0.3277,0.0026,327,0.1776,0.2741,0,0.8591,0,Bayes-M8-full,20/07/2026,1
Tandala,Sud-Ubangi,1,FALSE,7e-4,2e-4,0.0015,7e-4,0.075,321,0.002,NA,NA,NA,NA,NA,NA,0.4078,0.0031,297,0.2741,0.527,0,0.8301,0,Bayes-M8-full,20/07/2026,1
Monkoto,Tshuapa,1,FALSE,7e-4,2e-4,0.0015,7e-4,0.0764,316,0.0021,NA,NA,NA,NA,NA,NA,0.5598,0.0043,240,0.9498,0.4054,0,0.8842,0,Bayes-M8-full,20/07/2026,1
Wema,Tshuapa,1,FALSE,7e-4,2e-4,0.0015,7e-4,0.0808,304,0.0022,NA,NA,NA,NA,NA,NA,0.4469,0.0036,267,0.8494,0.1332,0,0.805,0,Bayes-M8-full,20/07/2026,1
Bikoro,Equateur,1,FALSE,6e-4,2e-4,0.0012,6e-4,0.0608,356,0.0016,NA,NA,NA,NA,NA,NA,0.5951,0.0036,266,0.8127,0.8147,0,0.7529,0,Bayes-M8-full,20/07/2026,1
Kilwa,Haut-Katanga,1,FALSE,6e-4,2e-4,0.0013,6e-4,0.0685,337,0.0019,NA,NA,NA,NA,NA,NA,0.3764,0.0026,329,0.749,0.39,0,0.3668,0,Bayes-M8-full,20/07/2026,1
Lukafu,Haut-Katanga,1,FALSE,6e-4,2e-4,0.0013,6e-4,0.0654,339,0.0018,NA,NA,NA,NA,NA,NA,0.4015,0.0026,323,0.888,0.3243,0,0.3938,0,Bayes-M8-full,20/07/2026,1
Mumbunda,Haut-Katanga,1,FALSE,6e-4,1e-4,0.0015,6e-4,0.0635,348,0.0017,NA,NA,NA,NA,NA,NA,0.1853,0.0012,414,0.1197,0.5077,0,0.1139,0,Bayes-M8-full,20/07/2026,1
Diulu,Kasaï-Oriental,1,FALSE,6e-4,1e-4,0.0015,6e-4,0.065,341,0.0018,NA,NA,NA,NA,NA,NA,0.2611,0.0017,380,0.0676,0.6448,0,0.332,0,Bayes-M8-full,20/07/2026,1
Kalamu 2,Kinshasa,1,FALSE,6e-4,0,0.0034,6e-4,0.0646,345,0.0017,NA,NA,NA,NA,NA,NA,0.015,1e-4,471,0.0039,0.0154,0,0.0405,0,Bayes-M8-full,20/07/2026,1
Lemba,Kinshasa,1,FALSE,6e-4,0,0.0022,6e-4,0.0629,351,0.0017,NA,NA,NA,NA,NA,NA,0.1023,6e-4,446,0.0483,0.3069,0,0.0541,0,Bayes-M8-full,20/07/2026,1
Kisanji,Kwango,1,FALSE,6e-4,2e-4,0.0012,6e-4,0.065,340,0.0018,NA,NA,NA,NA,NA,NA,0.5574,0.0036,265,0.8417,0.6544,0,0.7336,0,Bayes-M8-full,20/07/2026,1
Vanga,Kwilu,1,FALSE,6e-4,1e-4,0.0013,6e-4,0.0614,355,0.0017,NA,NA,NA,NA,NA,NA,0.5034,0.0031,295,0.3726,0.8205,0,0.8205,0,Bayes-M8-full,20/07/2026,1
Bulungu,Kwilu,1,FALSE,6e-4,1e-4,0.0013,6e-4,0.0627,352,0.0017,NA,NA,NA,NA,NA,NA,0.4508,0.0028,311,0.3571,0.6795,0,0.7664,0,Bayes-M8-full,20/07/2026,1
Gungu,Kwilu,1,FALSE,6e-4,2e-4,0.0013,6e-4,0.0648,344,0.0018,NA,NA,NA,NA,NA,NA,0.4237,0.0028,316,0.5058,0.6969,0,0.4923,0,Bayes-M8-full,20/07/2026,1
Kimputu,Kwilu,1,FALSE,6e-4,2e-4,0.0012,6e-4,0.0605,357,0.0016,NA,NA,NA,NA,NA,NA,0.5039,0.0031,298,0.4923,0.639,0,0.8842,0,Bayes-M8-full,20/07/2026,1
Lusanga,Kwilu,1,FALSE,6e-4,1e-4,0.0013,6e-4,0.0616,354,0.0017,NA,NA,NA,NA,NA,NA,0.4242,0.0026,324,0.4382,0.7297,0,0.529,0,Bayes-M8-full,20/07/2026,1
Masi Manimba,Kwilu,1,FALSE,6e-4,2e-4,0.0012,6e-4,0.0602,358,0.0016,NA,NA,NA,NA,NA,NA,0.4281,0.0026,328,0.332,0.4961,0,0.8842,0,Bayes-M8-full,20/07/2026,1
Mosango,Kwilu,1,FALSE,6e-4,2e-4,0.0012,6e-4,0.0631,349,0.0017,NA,NA,NA,NA,NA,NA,0.515,0.0033,283,0.5463,0.7375,0,0.7761,0,Bayes-M8-full,20/07/2026,1
Mungindu,Kwilu,1,FALSE,6e-4,2e-4,0.0012,6e-4,0.0643,346,0.0017,NA,NA,NA,NA,NA,NA,0.3818,0.0025,340,0.4691,0.5367,0,0.5212,0,Bayes-M8-full,20/07/2026,1
Kasaji,Lualaba,1,FALSE,6e-4,2e-4,0.0013,6e-4,0.0684,338,0.0019,NA,NA,NA,NA,NA,NA,0.4648,0.0032,288,0.8552,0.4923,0,0.5116,0,Bayes-M8-full,20/07/2026,1
Sandoa,Lualaba,1,FALSE,6e-4,2e-4,0.0012,6e-4,0.0637,347,0.0017,NA,NA,NA,NA,NA,NA,0.5536,0.0035,274,0.9421,0.6815,0,0.5907,0,Bayes-M8-full,20/07/2026,1
Kanzenze,Lualaba,1,FALSE,6e-4,1e-4,0.0014,6e-4,0.0619,353,0.0017,NA,NA,NA,NA,NA,NA,0.2389,0.0015,391,0.6255,0.1429,0,0.1873,0,Bayes-M8-full,20/07/2026,1
Manika,Lualaba,1,FALSE,6e-4,1e-4,0.0014,6e-4,0.063,350,0.0017,NA,NA,NA,NA,NA,NA,0.1149,7e-4,439,0.0946,0.222,0,0.1429,0,Bayes-M8-full,20/07/2026,1
Pendjwa,Mai-Ndombe,1,FALSE,6e-4,2e-4,0.0013,6e-4,0.065,343,0.0018,NA,NA,NA,NA,NA,NA,0.4319,0.0028,313,0.7008,0.2124,0,0.8147,0,Bayes-M8-full,20/07/2026,1
Bangabola,Sud-Ubangi,1,FALSE,6e-4,2e-4,0.0014,6e-4,0.0708,335,0.0019,NA,NA,NA,NA,NA,NA,0.3904,0.0028,315,0.3533,0.3494,0,0.8591,0,Bayes-M8-full,20/07/2026,1
Kungu,Sud-Ubangi,1,FALSE,6e-4,2e-4,0.0014,6e-4,0.0687,336,0.0019,NA,NA,NA,NA,NA,NA,0.3711,0.0026,333,0.3745,0.3359,0,0.7741,0,Bayes-M8-full,20/07/2026,1
Libenge,Sud-Ubangi,1,FALSE,6e-4,2e-4,0.0013,6e-4,0.065,342,0.0018,NA,NA,NA,NA,NA,NA,0.3818,0.0025,337,0.6293,0.3591,0,0.5386,0,Bayes-M8-full,20/07/2026,1
Lilanga Bobangi,Equateur,1,FALSE,5e-4,1e-4,0.0013,5e-4,0.0504,394,0.0014,NA,NA,NA,NA,NA,NA,0.4117,0.0021,359,0.9382,0.2664,0,0.4421,0,Bayes-M8-full,20/07/2026,1
Kambove,Haut-Katanga,1,FALSE,5e-4,1e-4,0.0013,5e-4,0.0571,369,0.0015,NA,NA,NA,NA,NA,NA,0.306,0.0018,375,0.4247,0.6236,0,0.1757,0,Bayes-M8-full,20/07/2026,1
Kapolowe,Haut-Katanga,1,FALSE,5e-4,1e-4,0.0012,5e-4,0.0564,372,0.0015,NA,NA,NA,NA,NA,NA,0.3026,0.0017,379,0.5579,0.444,0,0.2085,0,Bayes-M8-full,20/07/2026,1
Kilela Balanda,Haut-Katanga,1,FALSE,5e-4,1e-4,0.0014,5e-4,0.0579,368,0.0016,NA,NA,NA,NA,NA,NA,0.3132,0.0018,368,0.9228,0.0927,0,0.2375,0,Bayes-M8-full,20/07/2026,1
Panda,Haut-Katanga,1,FALSE,5e-4,1e-4,0.0013,5e-4,0.0562,373,0.0015,NA,NA,NA,NA,NA,NA,0.2027,0.0011,415,0.1622,0.4826,0,0.166,0,Bayes-M8-full,20/07/2026,1
Kasenga,Haut-Katanga,1,FALSE,5e-4,1e-4,0.0012,5e-4,0.0528,384,0.0014,NA,NA,NA,NA,NA,NA,0.3953,0.0021,358,0.8166,0.6255,0,0.139,0,Bayes-M8-full,20/07/2026,1
Kashobwe,Haut-Katanga,1,FALSE,5e-4,1e-4,0.0015,5e-4,0.0595,362,0.0016,NA,NA,NA,NA,NA,NA,0.3243,0.0019,361,0.805,0.3012,0,0.1911,0,Bayes-M8-full,20/07/2026,1
Vangu,Haut-Katanga,1,FALSE,5e-4,1e-4,0.0014,5e-4,0.0515,390,0.0014,NA,NA,NA,NA,NA,NA,0.1081,6e-4,448,0.1158,0.1699,0,0.1467,0,Bayes-M8-full,20/07/2026,1
Mikope,Kasaï,1,FALSE,5e-4,2e-4,0.0012,5e-4,0.0598,359,0.0016,NA,NA,NA,NA,NA,NA,0.3996,0.0024,345,0.6776,0.2703,0,0.6506,0,Bayes-M8-full,20/07/2026,1
Kamonia,Kasaï,1,FALSE,5e-4,1e-4,0.0016,5e-4,0.0594,363,0.0016,NA,NA,NA,NA,NA,NA,0.14,8e-4,431,0.3707,0.11,0,0.0792,0,Bayes-M8-full,20/07/2026,1
Bipemba,Kasaï-Oriental,1,FALSE,5e-4,1e-4,0.0015,5e-4,0.0598,360,0.0016,NA,NA,NA,NA,NA,NA,0.1544,9e-4,423,0.0618,0.2201,0,0.3359,0,Bayes-M8-full,20/07/2026,1
Kansele,Kasaï-Oriental,1,FALSE,5e-4,0,0.0015,5e-4,0.0492,398,0.0013,NA,NA,NA,NA,NA,NA,0.2437,0.0012,411,0.0541,0.5965,0,0.3243,0,Bayes-M8-full,20/07/2026,1
Kingabwa,Kinshasa,1,FALSE,5e-4,0,0.0019,5e-4,0.0525,385,0.0014,NA,NA,NA,NA,NA,NA,0.0478,3e-4,460,0.0425,0.0965,0,0.0521,0,Bayes-M8-full,20/07/2026,1
Kingasani,Kinshasa,1,FALSE,5e-4,0,0.0026,5e-4,0.0495,396,0.0013,NA,NA,NA,NA,NA,NA,0.0294,1e-4,468,0.0058,0.0405,0,0.0714,0,Bayes-M8-full,20/07/2026,1
Kitona,Kongo-Central,1,FALSE,5e-4,0,0.002,5e-4,0.0505,391,0.0014,NA,NA,NA,NA,NA,NA,0.293,0.0015,392,0.5907,0.5792,0,0.0019,0,Bayes-M8-full,20/07/2026,1
Boko,Kwango,1,FALSE,5e-4,1e-4,0.0011,5e-4,0.0534,383,0.0014,NA,NA,NA,NA,NA,NA,0.5121,0.0027,317,0.7336,0.61,0,0.7046,0,Bayes-M8-full,20/07/2026,1
Feshi,Kwango,1,FALSE,5e-4,1e-4,0.0011,5e-4,0.0549,379,0.0015,NA,NA,NA,NA,NA,NA,0.5082,0.0028,314,0.7317,0.5425,0,0.7587,0,Bayes-M8-full,20/07/2026,1
Kenge,Kwango,1,FALSE,5e-4,1e-4,0.0013,5e-4,0.0587,365,0.0016,NA,NA,NA,NA,NA,NA,0.5574,0.0033,281,0.6139,0.8127,0,0.8031,0,Bayes-M8-full,20/07/2026,1
Kimbao,Kwango,1,FALSE,5e-4,1e-4,0.001,5e-4,0.0505,393,0.0014,NA,NA,NA,NA,NA,NA,0.5743,0.0029,305,0.7201,0.7181,0,0.8591,0,Bayes-M8-full,20/07/2026,1
Bagata,Kwilu,1,FALSE,5e-4,1e-4,0.001,5e-4,0.052,387,0.0014,NA,NA,NA,NA,NA,NA,0.5135,0.0027,321,0.6795,0.695,0,0.6795,0,Bayes-M8-full,20/07/2026,1
Djuma,Kwilu,1,FALSE,5e-4,1e-4,0.0012,5e-4,0.0569,371,0.0015,NA,NA,NA,NA,NA,NA,0.5256,0.003,301,0.4826,0.7355,0,0.8842,0,Bayes-M8-full,20/07/2026,1
Kikongo,Kwilu,1,FALSE,5e-4,1e-4,0.001,5e-4,0.0494,397,0.0013,NA,NA,NA,NA,NA,NA,0.5024,0.0025,338,0.6969,0.6023,0,0.7104,0,Bayes-M8-full,20/07/2026,1
Sia,Kwilu,1,FALSE,5e-4,1e-4,0.001,5e-4,0.0516,389,0.0014,NA,NA,NA,NA,NA,NA,0.3986,0.0021,360,0.4151,0.3822,0,0.7973,0,Bayes-M8-full,20/07/2026,1
Ipamu,Kwilu,1,FALSE,5e-4,2e-4,0.0012,5e-4,0.0597,361,0.0016,NA,NA,NA,NA,NA,NA,0.5454,0.0033,282,0.4903,0.7683,0,0.9228,0,Bayes-M8-full,20/07/2026,1
Kikwit Nord,Kwilu,1,FALSE,5e-4,1e-4,0.0011,5e-4,0.053900000000000003,382,0.0015,NA,NA,NA,NA,NA,NA,0.2915,0.0016,385,0.1236,0.5405,0,0.5019,0,Bayes-M8-full,20/07/2026,1
Kikwit Sud,Kwilu,1,FALSE,5e-4,1e-4,0.0011,5e-4,0.054,381,0.0015,NA,NA,NA,NA,NA,NA,0.3282,0.0018,372,0.1313,0.7008,0,0.4807,0,Bayes-M8-full,20/07/2026,1
Kingandu,Kwilu,1,FALSE,5e-4,2e-4,0.0011,5e-4,0.0579,367,0.0016,NA,NA,NA,NA,NA,NA,0.4923,0.0029,308,0.7162,0.6583,0,0.5946,0,Bayes-M8-full,20/07/2026,1
Moanza,Kwilu,1,FALSE,5e-4,2e-4,0.0011,5e-4,0.0554,378,0.0015,NA,NA,NA,NA,NA,NA,0.52,0.0029,306,0.5985,0.529,0,0.9527,0,Bayes-M8-full,20/07/2026,1
Mokala,Kwilu,1,FALSE,5e-4,1e-4,0.0011,5e-4,0.0521,386,0.0014,NA,NA,NA,NA,NA,NA,0.5118,0.0027,322,0.4228,0.6718,0,0.9527,0,Bayes-M8-full,20/07/2026,1
Pay Kongila,Kwilu,1,FALSE,5e-4,2e-4,0.0011,5e-4,0.0562,374,0.0015,NA,NA,NA,NA,NA,NA,0.4488,0.0025,334,0.5135,0.6467,0,0.6351,0,Bayes-M8-full,20/07/2026,1
Yasa Bonga,Kwilu,1,FALSE,5e-4,1e-4,0.0012,5e-4,0.0569,370,0.0015,NA,NA,NA,NA,NA,NA,0.4206,0.0024,344,0.3031,0.5328,0,0.8465,0,Bayes-M8-full,20/07/2026,1
Dilala,Lualaba,1,FALSE,5e-4,1e-4,0.0012,5e-4,0.0519,388,0.0014,NA,NA,NA,NA,NA,NA,0.1347,7e-4,442,0.1506,0.2548,0,0.1332,0,Bayes-M8-full,20/07/2026,1
Fungurume,Lualaba,1,FALSE,5e-4,1e-4,0.0012,5e-4,0.0561,376,0.0015,NA,NA,NA,NA,NA,NA,0.1564,9e-4,428,0.2664,0.1622,0,0.1969,0,Bayes-M8-full,20/07/2026,1
Lualaba,Lualaba,1,FALSE,5e-4,1e-4,0.0012,5e-4,0.0555,377,0.0015,NA,NA,NA,NA,NA,NA,0.1404,8e-4,435,0.3552,0.0347,0,0.1718,0,Bayes-M8-full,20/07/2026,1
Inongo,Mai-Ndombe,1,FALSE,5e-4,1e-4,0.001,5e-4,0.0505,392,0.0014,NA,NA,NA,NA,NA,NA,0.4952,0.0025,335,0.7645,0.2934,0,0.9228,0,Bayes-M8-full,20/07/2026,1
Kiri,Mai-Ndombe,1,FALSE,5e-4,1e-4,0.001,5e-4,0.0497,395,0.0013,NA,NA,NA,NA,NA,NA,0.5685,0.0028,312,0.8745,0.4768,0,0.9228,0,Bayes-M8-full,20/07/2026,1
Bokonzi,Sud-Ubangi,1,FALSE,5e-4,1e-4,0.0011,5e-4,0.0562,375,0.0015,NA,NA,NA,NA,NA,NA,0.236,0.0013,400,0.4305,0.083,0,0.4305,0,Bayes-M8-full,20/07/2026,1
Boto,Sud-Ubangi,1,FALSE,5e-4,2e-4,0.0012,5e-4,0.059,364,0.0016,NA,NA,NA,NA,NA,NA,0.3596,0.0021,356,0.3282,0.5174,0,0.5927,0,Bayes-M8-full,20/07/2026,1
Mawuya,Sud-Ubangi,1,FALSE,5e-4,1e-4,0.0012,5e-4,0.058,366,0.0016,NA,NA,NA,NA,NA,NA,0.2654,0.0015,387,0.444,0.2394,0,0.3784,0,Bayes-M8-full,20/07/2026,1
Zongo,Sud-Ubangi,1,FALSE,5e-4,1e-4,0.0012,5e-4,0.0543,380,0.0015,NA,NA,NA,NA,NA,NA,0.2418,0.0013,401,0.278,0.4131,0,0.2761,0,Bayes-M8-full,20/07/2026,1
Bolenge,Equateur,1,FALSE,4e-4,1e-4,0.001,4e-4,0.0463,406,0.0013,NA,NA,NA,NA,NA,NA,0.5391,0.0025,336,0.7954,0.8514,0,0.5097,0,Bayes-M8-full,20/07/2026,1
Bomongo,Equateur,1,FALSE,4e-4,1e-4,9e-4,4e-4,0.0437,411,0.0012,NA,NA,NA,NA,NA,NA,0.5907,0.0026,326,0.9788,0.8475,0,0.5367,0,Bayes-M8-full,20/07/2026,1
Irebu,Equateur,1,FALSE,4e-4,1e-4,0.001,4e-4,0.0386,424,0.001,NA,NA,NA,NA,NA,NA,0.5473,0.0021,357,0.9305,0.6776,0,0.5811,0,Bayes-M8-full,20/07/2026,1
Mampoko,Equateur,1,FALSE,4e-4,1e-4,0.001,4e-4,0.0442,410,0.0012,NA,NA,NA,NA,NA,NA,0.5135,0.0023,351,0.8919,0.5058,0,0.6564,0,Bayes-M8-full,20/07/2026,1
Ntondo,Equateur,1,FALSE,4e-4,1e-4,8e-4,4e-4,0.0386,423,0.001,NA,NA,NA,NA,NA,NA,0.6125,0.0024,348,0.8996,0.7259,0,0.8243,0,Bayes-M8-full,20/07/2026,1
Wangata,Equateur,1,FALSE,4e-4,1e-4,9e-4,4e-4,0.0415,418,0.0011,NA,NA,NA,NA,NA,NA,0.417,0.0017,378,0.2336,0.9865,0,0.4479,0,Bayes-M8-full,20/07/2026,1
Kikula,Haut-Katanga,1,FALSE,4e-4,1e-4,0.001,4e-4,0.0428,413,0.0012,NA,NA,NA,NA,NA,NA,0.0951,4e-4,451,0.1062,0.1139,0,0.1602,0,Bayes-M8-full,20/07/2026,1
Likasi,Haut-Katanga,1,FALSE,4e-4,1e-4,0.001,4e-4,0.0435,412,0.0012,NA,NA,NA,NA,NA,NA,0.1728,8e-4,438,0.112,0.4208,0,0.1583,0,Bayes-M8-full,20/07/2026,1
Kafubu,Haut-Katanga,1,FALSE,4e-4,1e-4,0.0011,4e-4,0.0468,405,0.0013,NA,NA,NA,NA,NA,NA,0.2104,0.001,421,0.6042,0.0869,0,0.1506,0,Bayes-M8-full,20/07/2026,1
Kisanga,Haut-Katanga,1,FALSE,4e-4,1e-4,0.001,4e-4,0.041,419,0.0011,NA,NA,NA,NA,NA,NA,0.1081,4e-4,450,0.1293,0.2008,0,0.1023,0,Bayes-M8-full,20/07/2026,1
Sakania,Haut-Katanga,1,FALSE,4e-4,1e-4,0.0011,4e-4,0.0453,408,0.0012,NA,NA,NA,NA,NA,NA,0.2775,0.0013,408,0.7375,0.2355,0,0.1371,0,Bayes-M8-full,20/07/2026,1
Tshamilemba,Haut-Katanga,1,FALSE,4e-4,0,0.0013,4e-4,0.0462,407,0.0013,NA,NA,NA,NA,NA,NA,0.0772,4e-4,455,0.0656,0.1255,0,0.1178,0,Bayes-M8-full,20/07/2026,1
Dibindi,Kasaï-Oriental,1,FALSE,4e-4,0,0.0016,4e-4,0.0399,420,0.0011,NA,NA,NA,NA,NA,NA,0.1617,6e-4,445,0.0386,0.2954,0,0.3127,0,Bayes-M8-full,20/07/2026,1
Lubilanji,Kasaï-Oriental,1,FALSE,4e-4,0,0.0016,4e-4,0.0387,422,0.001,NA,NA,NA,NA,NA,NA,0.1694,7e-4,444,0.0347,0.3398,0,0.3031,0,Bayes-M8-full,20/07/2026,1
Kimvula,Kongo-Central,1,FALSE,4e-4,1e-4,8e-4,4e-4,0.0384,425,0.001,NA,NA,NA,NA,NA,NA,0.569,0.0022,353,0.8629,0.8784,0,0.5347,0,Bayes-M8-full,20/07/2026,1
Kahemba,Kwango,1,FALSE,4e-4,1e-4,9e-4,4e-4,0.0479,402,0.0013,NA,NA,NA,NA,NA,NA,0.5367,0.0026,331,0.8958,0.7278,0,0.5232,0,Bayes-M8-full,20/07/2026,1
Kajiji,Kwango,1,FALSE,4e-4,1e-4,0.001,4e-4,0.0491,400,0.0013,NA,NA,NA,NA,NA,NA,0.3533,0.0017,377,0.7934,0.1544,0,0.4653,0,Bayes-M8-full,20/07/2026,1
Panzi,Kwango,1,FALSE,4e-4,1e-4,0.001,4e-4,0.0473,403,0.0013,NA,NA,NA,NA,NA,NA,0.5236,0.0025,339,0.7548,0.583,0,0.7568,0,Bayes-M8-full,20/07/2026,1
Mwela Lembwa,Kwango,1,FALSE,4e-4,1e-4,9e-4,4e-4,0.0488,401,0.0013,NA,NA,NA,NA,NA,NA,0.4397,0.0022,355,0.6506,0.3224,0,0.7857,0,Bayes-M8-full,20/07/2026,1
Wamba Lwadi,Kwango,1,FALSE,4e-4,1e-4,9e-4,4e-4,0.0469,404,0.0013,NA,NA,NA,NA,NA,NA,0.5492,0.0026,330,0.6467,0.8185,0,0.7317,0,Bayes-M8-full,20/07/2026,1
Dilolo,Lualaba,1,FALSE,4e-4,0,0.0017,4e-4,0.0492,399,0.0013,NA,NA,NA,NA,NA,NA,0.3663,0.0018,369,0.8398,0.6197,0,0.0058,0,Bayes-M8-full,20/07/2026,1
Banzow Moke,Mai-Ndombe,1,FALSE,4e-4,1e-4,9e-4,4e-4,0.0425,414,0.0012,NA,NA,NA,NA,NA,NA,0.5236,0.0022,352,0.6892,0.5212,0,0.8842,0,Bayes-M8-full,20/07/2026,1
Mimia,Mai-Ndombe,1,FALSE,4e-4,1e-4,0.001,4e-4,0.045,409,0.0012,NA,NA,NA,NA,NA,NA,0.4841,0.0022,354,0.9614,0.0521,0,0.9228,0,Bayes-M8-full,20/07/2026,1
Ntandembelo,Mai-Ndombe,1,FALSE,4e-4,1e-4,8e-4,4e-4,0.0398,421,0.0011,NA,NA,NA,NA,NA,NA,0.4595,0.0018,365,0.6023,0.4633,0,0.7722,0,Bayes-M8-full,20/07/2026,1
Bosobe,Mai-Ndombe,1,FALSE,4e-4,1e-4,8e-4,4e-4,0.0417,416,0.0011,NA,NA,NA,NA,NA,NA,0.4406,0.0018,364,0.4942,0.4093,0,0.8591,0,Bayes-M8-full,20/07/2026,1
Kwamouth,Mai-Ndombe,1,FALSE,4e-4,1e-4,8e-4,4e-4,0.0417,415,0.0011,NA,NA,NA,NA,NA,NA,0.43,0.0018,370,0.8707,0.417,0,0.4324,0,Bayes-M8-full,20/07/2026,1
Nioki,Mai-Ndombe,1,FALSE,4e-4,1e-4,8e-4,4e-4,0.0416,417,0.0011,NA,NA,NA,NA,NA,NA,0.389,0.0016,381,0.61,0.3958,0,0.5502,0,Bayes-M8-full,20/07/2026,1
Lukolela,Equateur,1,FALSE,3e-4,1e-4,7e-4,3e-4,0.0308,450,8e-4,NA,NA,NA,NA,NA,NA,0.5787,0.0018,371,0.944,0.9151,0,0.4556,0,Bayes-M8-full,20/07/2026,1
Kenya,Haut-Katanga,1,FALSE,3e-4,1e-4,0.001,3e-4,0.0377,426,0.001,NA,NA,NA,NA,NA,NA,0.0569,2e-4,462,0.11,0.0116,0,0.1062,0,Bayes-M8-full,20/07/2026,1
Kowe,Haut-Katanga,1,FALSE,3e-4,0,0.0011,3e-4,0.0358,433,0.001,NA,NA,NA,NA,NA,NA,0.07,3e-4,459,0.0714,0.0811,0,0.1274,0,Bayes-M8-full,20/07/2026,1
Ruashi,Haut-Katanga,1,FALSE,3e-4,1e-4,8e-4,3e-4,0.0337,439,9e-4,NA,NA,NA,NA,NA,NA,0.0705,2e-4,461,0.0985,0.0637,0,0.1197,0,Bayes-M8-full,20/07/2026,1
Ngaba,Kinshasa,1,FALSE,3e-4,0,0.0015,3e-4,0.0365,429,0.001,NA,NA,NA,NA,NA,NA,0.014,1e-4,476,0,0.0058,0,0.0502,0,Bayes-M8-full,20/07/2026,1
Ndjili,Kinshasa,1,FALSE,3e-4,0,0.0016,3e-4,0.0363,431,0.001,NA,NA,NA,NA,NA,NA,0.0487,2e-4,466,0.027,0.1042,0,0.0637,0,Bayes-M8-full,20/07/2026,1
Boma Bungu,Kongo-Central,1,FALSE,3e-4,0,7e-4,3e-4,0.0284,457,8e-4,NA,NA,NA,NA,NA,NA,0.3209,9e-4,425,0.5811,0.5676,0,0.1351,0,Bayes-M8-full,20/07/2026,1
Muanda,Kongo-Central,1,FALSE,3e-4,0,0.0013,3e-4,0.0342,435,9e-4,NA,NA,NA,NA,NA,NA,0.4093,0.0014,396,0.6371,1,0,0,0,Bayes-M8-full,20/07/2026,1
Vaku,Kongo-Central,1,FALSE,3e-4,0,7e-4,3e-4,0.0283,458,8e-4,NA,NA,NA,NA,NA,NA,0.4194,0.0012,413,0.5676,0.9421,0,0.168,0,Bayes-M8-full,20/07/2026,1
Inga,Kongo-Central,1,FALSE,3e-4,1e-4,7e-4,3e-4,0.0295,454,8e-4,NA,NA,NA,NA,NA,NA,0.3847,0.0011,416,0.5212,0.8243,0,0.1931,0,Bayes-M8-full,20/07/2026,1
Kibunzi,Kongo-Central,1,FALSE,3e-4,1e-4,7e-4,3e-4,0.0322,446,9e-4,NA,NA,NA,NA,NA,NA,0.4175,0.0013,399,0.7046,0.5251,0,0.4402,0,Bayes-M8-full,20/07/2026,1
Luozi,Kongo-Central,1,FALSE,3e-4,1e-4,7e-4,3e-4,0.0336,440,9e-4,NA,NA,NA,NA,NA,NA,0.5241,0.0018,373,0.7355,0.8861,0,0.4749,0,Bayes-M8-full,20/07/2026,1
Mangembo,Kongo-Central,1,FALSE,3e-4,1e-4,7e-4,3e-4,0.0292,455,8e-4,NA,NA,NA,NA,NA,NA,0.3726,0.0011,419,0.5598,0.6641,0,0.2664,0,Bayes-M8-full,20/07/2026,1
Nsona Mpangu,Kongo-Central,1,FALSE,3e-4,1e-4,7e-4,3e-4,0.0305,452,8e-4,NA,NA,NA,NA,NA,NA,0.4165,0.0013,404,0.722,0.7645,0,0.1795,0,Bayes-M8-full,20/07/2026,1
Seke Banza,Kongo-Central,1,FALSE,3e-4,1e-4,6e-4,3e-4,0.0287,456,8e-4,NA,NA,NA,NA,NA,NA,0.4513,0.0013,403,0.6351,0.9498,0,0.2201,0,Bayes-M8-full,20/07/2026,1
Boko Kivulu,Kongo-Central,1,FALSE,3e-4,1e-4,7e-4,3e-4,0.033,443,9e-4,NA,NA,NA,NA,NA,NA,0.4281,0.0014,394,0.5792,0.9324,0,0.2008,0,Bayes-M8-full,20/07/2026,1
Gombe Matadi,Kongo-Central,1,FALSE,3e-4,1e-4,7e-4,3e-4,0.0306,451,8e-4,NA,NA,NA,NA,NA,NA,0.4151,0.0013,405,0.6911,0.7857,0,0.1834,0,Bayes-M8-full,20/07/2026,1
Kimpangu,Kongo-Central,1,FALSE,3e-4,0,7e-4,3e-4,0.0308,448,8e-4,NA,NA,NA,NA,NA,NA,0.4488,0.0014,397,0.7085,0.9344,0,0.1525,0,Bayes-M8-full,20/07/2026,1
Kimpese,Kongo-Central,1,FALSE,3e-4,1e-4,7e-4,3e-4,0.0323,445,9e-4,NA,NA,NA,NA,NA,NA,0.4947,0.0016,382,0.7896,0.9768,0,0.2124,0,Bayes-M8-full,20/07/2026,1
Kisantu,Kongo-Central,1,FALSE,3e-4,1e-4,8e-4,3e-4,0.0339,437,9e-4,NA,NA,NA,NA,NA,NA,0.418,0.0014,393,0.5039,0.9903,0,0.1776,0,Bayes-M8-full,20/07/2026,1
Kwilu Ngongo,Kongo-Central,1,FALSE,3e-4,1e-4,7e-4,3e-4,0.0326,444,9e-4,NA,NA,NA,NA,NA,NA,0.3875,0.0013,406,0.4884,0.8668,0,0.195,0,Bayes-M8-full,20/07/2026,1
Massa,Kongo-Central,1,FALSE,3e-4,0,8e-4,3e-4,0.0331,442,9e-4,NA,NA,NA,NA,NA,NA,0.4223,0.0014,395,0.668,0.9208,0,0.1004,0,Bayes-M8-full,20/07/2026,1
Mbanza Ngungu,Kongo-Central,1,FALSE,3e-4,1e-4,8e-4,3e-4,0.0332,441,9e-4,NA,NA,NA,NA,NA,NA,0.3711,0.0012,410,0.3205,0.9749,0,0.1892,0,Bayes-M8-full,20/07/2026,1
Ngidinga,Kongo-Central,1,FALSE,3e-4,1e-4,7e-4,3e-4,0.0351,434,0.001,NA,NA,NA,NA,NA,NA,0.4488,0.0016,384,0.6544,0.7432,0,0.3977,0,Bayes-M8-full,20/07/2026,1
Nselo,Kongo-Central,1,FALSE,3e-4,1e-4,7e-4,3e-4,0.0337,438,9e-4,NA,NA,NA,NA,NA,NA,0.374,0.0013,407,0.6564,0.5347,0,0.305,0,Bayes-M8-full,20/07/2026,1
Sona Bata,Kongo-Central,1,FALSE,3e-4,1e-4,9e-4,3e-4,0.0362,432,0.001,NA,NA,NA,NA,NA,NA,0.43,0.0016,386,0.7259,0.7896,0,0.2046,0,Bayes-M8-full,20/07/2026,1
Tembo,Kwango,1,FALSE,3e-4,0,8e-4,3e-4,0.0278,459,8e-4,NA,NA,NA,NA,NA,NA,0.3205,9e-4,427,0.7876,0.3977,0,0.0965,0,Bayes-M8-full,20/07/2026,1
Kasongo Lunda,Kwango,1,FALSE,3e-4,1e-4,8e-4,3e-4,0.0321,447,9e-4,NA,NA,NA,NA,NA,NA,0.3441,0.0011,418,0.6274,0.5946,0,0.1544,0,Bayes-M8-full,20/07/2026,1
Kitenda,Kwango,1,FALSE,3e-4,1e-4,8e-4,3e-4,0.0364,430,0.001,NA,NA,NA,NA,NA,NA,0.376,0.0014,398,0.6641,0.4247,0,0.4151,0,Bayes-M8-full,20/07/2026,1
Popokabaka,Kwango,1,FALSE,3e-4,1e-4,7e-4,3e-4,0.0342,436,9e-4,NA,NA,NA,NA,NA,NA,0.5507,0.0019,363,0.7703,0.7876,0,0.6448,0,Bayes-M8-full,20/07/2026,1
Bandundu,Kwilu,1,FALSE,3e-4,1e-4,8e-4,3e-4,0.0372,427,0.001,NA,NA,NA,NA,NA,NA,0.3364,0.0013,409,0.3436,0.751,0,0.251,0,Bayes-M8-full,20/07/2026,1
Oshwe,Mai-Ndombe,1,FALSE,3e-4,1e-4,7e-4,3e-4,0.0308,449,8e-4,NA,NA,NA,NA,NA,NA,0.4855,0.0015,390,0.8764,0.3301,0,0.7355,0,Bayes-M8-full,20/07/2026,1
Yumbi,Mai-Ndombe,1,FALSE,3e-4,1e-4,7e-4,3e-4,0.0301,453,8e-4,NA,NA,NA,NA,NA,NA,0.2741,8e-4,432,0.4131,0.4015,0,0.2819,0,Bayes-M8-full,20/07/2026,1
Mushie,Mai-Ndombe,1,FALSE,3e-4,1e-4,8e-4,3e-4,0.037,428,0.001,NA,NA,NA,NA,NA,NA,0.4291,0.0016,383,0.7394,0.3649,0,0.612,0,Bayes-M8-full,20/07/2026,1
Kampemba,Haut-Katanga,1,FALSE,2e-4,0,5e-4,2e-4,0.018,473,5e-4,NA,NA,NA,NA,NA,NA,0.0531,1e-4,472,0.0598,0.0367,0,0.1158,0,Bayes-M8-full,20/07/2026,1
Bumbu,Kinshasa,1,FALSE,2e-4,0,9e-4,2e-4,0.0177,475,5e-4,NA,NA,NA,NA,NA,NA,0.0164,0,478,0.0019,0.029,0,0.0347,0,Bayes-M8-full,20/07/2026,1
Makala,Kinshasa,1,FALSE,2e-4,0,0.0014,2e-4,0.0269,462,7e-4,NA,NA,NA,NA,NA,NA,0.0246,1e-4,474,0.0116,0.0386,0,0.0483,0,Bayes-M8-full,20/07/2026,1
Biyela,Kinshasa,1,FALSE,2e-4,0,8e-4,2e-4,0.0263,466,7e-4,NA,NA,NA,NA,NA,NA,0.1076,3e-4,457,0.0637,0.2838,0,0.083,0,Bayes-M8-full,20/07/2026,1
Kimbanseke,Kinshasa,1,FALSE,2e-4,0,7e-4,2e-4,0.0209,472,6e-4,NA,NA,NA,NA,NA,NA,0.0526,1e-4,470,0.0521,0.0849,0,0.0734,0,Bayes-M8-full,20/07/2026,1
Selembao,Kinshasa,1,FALSE,2e-4,0,0.001,2e-4,0.0269,463,7e-4,NA,NA,NA,NA,NA,NA,0.0676,2e-4,465,0.0444,0.1815,0,0.0444,0,Bayes-M8-full,20/07/2026,1
Boma,Kongo-Central,1,FALSE,2e-4,0,7e-4,2e-4,0.0243,471,7e-4,NA,NA,NA,NA,NA,NA,0.2901,7e-4,440,0.1467,0.9247,0,0.0888,0,Bayes-M8-full,20/07/2026,1
Kangu,Kongo-Central,1,FALSE,2e-4,0,6e-4,2e-4,0.0263,465,7e-4,NA,NA,NA,NA,NA,NA,0.3528,9e-4,422,0.3803,0.8822,0,0.1486,0,Bayes-M8-full,20/07/2026,1
Kinkonzi,Kongo-Central,1,FALSE,2e-4,0,7e-4,2e-4,0.0267,464,7e-4,NA,NA,NA,NA,NA,NA,0.4252,0.0011,417,0.6236,0.8958,0,0.1815,0,Bayes-M8-full,20/07/2026,1
Kizu,Kongo-Central,1,FALSE,2e-4,0,7e-4,2e-4,0.0254,470,7e-4,NA,NA,NA,NA,NA,NA,0.3113,8e-4,433,0.2973,0.8707,0,0.0772,0,Bayes-M8-full,20/07/2026,1
Kuimba,Kongo-Central,1,FALSE,2e-4,0,9e-4,2e-4,0.0255,468,7e-4,NA,NA,NA,NA,NA,NA,0.3069,8e-4,434,0.3784,0.8456,0,0.0039,0,Bayes-M8-full,20/07/2026,1
Lukula,Kongo-Central,1,FALSE,2e-4,0,7e-4,2e-4,0.0272,460,7e-4,NA,NA,NA,NA,NA,NA,0.3933,0.0011,420,0.529,0.8745,0,0.1699,0,Bayes-M8-full,20/07/2026,1
Tshela,Kongo-Central,1,FALSE,2e-4,0,9e-4,2e-4,0.0255,469,7e-4,NA,NA,NA,NA,NA,NA,0.3282,8e-4,430,0.417,0.888,0,0.0077,0,Bayes-M8-full,20/07/2026,1
Matadi,Kongo-Central,1,FALSE,2e-4,0,7e-4,2e-4,0.0261,467,7e-4,NA,NA,NA,NA,NA,NA,0.2939,8e-4,436,0.1564,0.944,0,0.0753,0,Bayes-M8-full,20/07/2026,1
Nzanza,Kongo-Central,1,FALSE,2e-4,0,5e-4,2e-4,0.0178,474,5e-4,NA,NA,NA,NA,NA,NA,0.2172,4e-4,453,0.0888,0.6892,0,0.0907,0,Bayes-M8-full,20/07/2026,1
Bolobo,Mai-Ndombe,1,FALSE,2e-4,0,6e-4,2e-4,0.027,461,7e-4,NA,NA,NA,NA,NA,NA,0.3388,9e-4,424,0.6313,0.4981,0,0.2259,0,Bayes-M8-full,20/07/2026,1
Kamalondo,Haut-Katanga,1,FALSE,1e-4,0,5e-4,1e-4,0.0127,477,3e-4,NA,NA,NA,NA,NA,NA,0.0352,0,477,0.029,0.0019,0,0.11,0,Bayes-M8-full,20/07/2026,1
Katuba,Haut-Katanga,1,FALSE,1e-4,0,5e-4,1e-4,0.0137,476,4e-4,NA,NA,NA,NA,NA,NA,0.0463,1e-4,475,0.0502,0.0309,0,0.1042,0,Bayes-M8-full,20/07/2026,1
Kisenso,Kinshasa,1,FALSE,1e-4,0,5e-4,1e-4,0.0122,478,3e-4,NA,NA,NA,NA,NA,NA,0.0589,1e-4,473,0.0367,0.139,0,0.0598,0,Bayes-M8-full,20/07/2026,1
Bokoro,Mai-Ndombe,1,FALSE,0,0,0,0,0,480,0,NA,NA,NA,NA,NA,NA,0.471,0,479,0.6873,0.5097,0,0.6873,0,Bayes-M8-full,20/07/2026,1
Idjwi,Sud-Kivu,1,FALSE,0,0,0,0,0,479,0,NA,NA,NA,NA,NA,NA,0.3007,0,480,0.2992,0.8224,0,0.0811,0,Bayes-M8-full,20/07/2026,1
Boma Mangbetu,Haut-Uele,1,TRUE,NA,NA,NA,NA,NA,NA,NA,NA,NA,NA,NA,NA,NA,0.4122,NA,NA,0.2857,0.5039,0,0.8591,0,Bayes-M8-full,20/07/2026,1
Wamba,Haut-Uele,1,TRUE,NA,NA,NA,NA,NA,NA,NA,NA,NA,NA,NA,NA,NA,0.4817,NA,NA,0.6737,0.4363,0,0.8166,0,Bayes-M8-full,20/07/2026,1
Ariwara,Ituri,1,TRUE,NA,NA,NA,NA,NA,NA,NA,NA,NA,NA,NA,NA,NA,0.2862,NA,NA,0.1988,0.6988,0,0.2471,0,Bayes-M8-full,20/07/2026,1
Aru,Ituri,1,TRUE,NA,NA,NA,NA,NA,NA,NA,NA,NA,NA,NA,NA,NA,0.3528,NA,NA,0.3012,0.8417,0,0.2683,0,Bayes-M8-full,20/07/2026,1
Aungba,Ituri,1,TRUE,NA,NA,NA,NA,NA,NA,NA,NA,NA,NA,NA,NA,NA,0.3354,NA,NA,0.3108,0.6564,0,0.3745,0,Bayes-M8-full,20/07/2026,1
Kambala,Ituri,1,TRUE,NA,NA,NA,NA,NA,NA,NA,NA,NA,NA,NA,NA,NA,0.347,NA,NA,0.3668,0.612,0,0.4093,0,Bayes-M8-full,20/07/2026,1
Logo,Ituri,1,TRUE,NA,NA,NA,NA,NA,NA,NA,NA,NA,NA,NA,NA,NA,0.2384,NA,NA,0.1757,0.5927,0,0.1853,0,Bayes-M8-full,20/07/2026,1
Rimba,Ituri,1,TRUE,NA,NA,NA,NA,NA,NA,NA,NA,NA,NA,NA,NA,NA,0.306,NA,NA,0.2008,0.7124,0,0.3108,0,Bayes-M8-full,20/07/2026,1
Bambu,Ituri,1,TRUE,NA,NA,NA,NA,NA,NA,NA,NA,NA,NA,NA,NA,NA,0.2399,NA,NA,0.2046,0.4691,0,0.2857,0,Bayes-M8-full,20/07/2026,1
Boga,Ituri,1,TRUE,NA,NA,NA,NA,NA,NA,NA,NA,NA,NA,NA,NA,NA,0.264,NA,NA,0.3861,0.36870000000000003,0,0.3012,0,Bayes-M8-full,20/07/2026,1
Bunia,Ituri,1,TRUE,NA,NA,NA,NA,NA,NA,NA,NA,NA,NA,NA,NA,NA,0.2326,NA,NA,0.1178,0.5637,0,0.249,0,Bayes-M8-full,20/07/2026,1
Damas,Ituri,1,TRUE,NA,NA,NA,NA,NA,NA,NA,NA,NA,NA,NA,NA,NA,0.3224,NA,NA,0.4479,0.3282,0,0.5135,0,Bayes-M8-full,20/07/2026,1
Drodro,Ituri,1,TRUE,NA,NA,NA,NA,NA,NA,NA,NA,NA,NA,NA,NA,NA,0.2674,NA,NA,0.2066,0.5907,0,0.2722,0,Bayes-M8-full,20/07/2026,1
Fataki,Ituri,1,TRUE,NA,NA,NA,NA,NA,NA,NA,NA,NA,NA,NA,NA,NA,0.3185,NA,NA,0.2259,0.7201,0,0.3282,0,Bayes-M8-full,20/07/2026,1
Gety,Ituri,1,TRUE,NA,NA,NA,NA,NA,NA,NA,NA,NA,NA,NA,NA,NA,0.2592,NA,NA,0.3359,0.2973,0,0.4035,0,Bayes-M8-full,20/07/2026,1
Kilo,Ituri,1,TRUE,NA,NA,NA,NA,NA,NA,NA,NA,NA,NA,NA,NA,NA,0.1448,NA,NA,0.2201,0.0502,0,0.3089,0,Bayes-M8-full,20/07/2026,1
Komanda,Ituri,1,TRUE,NA,NA,NA,NA,NA,NA,NA,NA,NA,NA,NA,NA,NA,0.2341,NA,NA,0.3089,0.1197,0,0.5077,0,Bayes-M8-full,20/07/2026,1
Lita,Ituri,1,TRUE,NA,NA,NA,NA,NA,NA,NA,NA,NA,NA,NA,NA,NA,0.306,NA,NA,0.2761,0.7046,0,0.2432,0,Bayes-M8-full,20/07/2026,1
Lolwa,Ituri,1,TRUE,NA,NA,NA,NA,NA,NA,NA,NA,NA,NA,NA,NA,NA,0.3205,NA,NA,0.6429,0,0,0.639,0,Bayes-M8-full,20/07/2026,1
Mambasa,Ituri,1,TRUE,NA,NA,NA,NA,NA,NA,NA,NA,NA,NA,NA,NA,NA,0.4324,NA,NA,0.8842,0.2625,0,0.583,0,Bayes-M8-full,20/07/2026,1
Mandima,Ituri,1,TRUE,NA,NA,NA,NA,NA,NA,NA,NA,NA,NA,NA,NA,NA,0.2659,NA,NA,0.4846,0.2896,0,0.2896,0,Bayes-M8-full,20/07/2026,1
Mangala,Ituri,1,TRUE,NA,NA,NA,NA,NA,NA,NA,NA,NA,NA,NA,NA,NA,0.3021,NA,NA,0.305,0.6158,0,0.2876,0,Bayes-M8-full,20/07/2026,1
Mongbwalu,Ituri,1,TRUE,NA,NA,NA,NA,NA,NA,NA,NA,NA,NA,NA,NA,NA,0.2616,NA,NA,0.4112,0.1834,0,0.4517,0,Bayes-M8-full,20/07/2026,1
Nia Nia,Ituri,1,TRUE,NA,NA,NA,NA,NA,NA,NA,NA,NA,NA,NA,NA,NA,0.2978,NA,NA,0.666,0.0212,0,0.5039,0,Bayes-M8-full,20/07/2026,1
Nizi,Ituri,1,TRUE,NA,NA,NA,NA,NA,NA,NA,NA,NA,NA,NA,NA,NA,0.1771,NA,NA,0.1544,0.3378,0,0.2162,0,Bayes-M8-full,20/07/2026,1
Nyankunde,Ituri,1,TRUE,NA,NA,NA,NA,NA,NA,NA,NA,NA,NA,NA,NA,NA,0.2514,NA,NA,0.2838,0.2432,0,0.4788,0,Bayes-M8-full,20/07/2026,1
Rwampara,Ituri,1,TRUE,NA,NA,NA,NA,NA,NA,NA,NA,NA,NA,NA,NA,NA,0.319,NA,NA,0.2375,0.7452,0,0.2934,0,Bayes-M8-full,20/07/2026,1
Tchomia,Ituri,1,TRUE,NA,NA,NA,NA,NA,NA,NA,NA,NA,NA,NA,NA,NA,0.1998,NA,NA,0.2104,0.3745,0,0.2143,0,Bayes-M8-full,20/07/2026,1
Beni,Nord-Kivu,1,TRUE,NA,NA,NA,NA,NA,NA,NA,NA,NA,NA,NA,NA,NA,0.1559,NA,NA,0.1525,0.2297,0,0.2413,0,Bayes-M8-full,20/07/2026,1
Butembo,Nord-Kivu,1,TRUE,NA,NA,NA,NA,NA,NA,NA,NA,NA,NA,NA,NA,NA,0.1829,NA,NA,0.1139,0.388,0,0.2297,0,Bayes-M8-full,20/07/2026,1
Kalunguta,Nord-Kivu,1,TRUE,NA,NA,NA,NA,NA,NA,NA,NA,NA,NA,NA,NA,NA,0.1559,NA,NA,0.195,0.2066,0,0.222,0,Bayes-M8-full,20/07/2026,1
Katwa,Nord-Kivu,1,TRUE,NA,NA,NA,NA,NA,NA,NA,NA,NA,NA,NA,NA,NA,0.1998,NA,NA,0.0869,0.4846,0,0.2278,0,Bayes-M8-full,20/07/2026,1
Kyondo,Nord-Kivu,1,TRUE,NA,NA,NA,NA,NA,NA,NA,NA,NA,NA,NA,NA,NA,0.3238,NA,NA,0.2954,0.7973,0,0.2027,0,Bayes-M8-full,20/07/2026,1
Mabalako,Nord-Kivu,1,TRUE,NA,NA,NA,NA,NA,NA,NA,NA,NA,NA,NA,NA,NA,0.1573,NA,NA,0.1931,0.2046,0,0.2317,0,Bayes-M8-full,20/07/2026,1
Masereka,Nord-Kivu,1,TRUE,NA,NA,NA,NA,NA,NA,NA,NA,NA,NA,NA,NA,NA,0.36870000000000003,NA,NA,0.2548,0.9807,0,0.2394,0,Bayes-M8-full,20/07/2026,1
Musienene,Nord-Kivu,1,TRUE,NA,NA,NA,NA,NA,NA,NA,NA,NA,NA,NA,NA,NA,0.319,NA,NA,0.2645,0.7317,0,0.2799,0,Bayes-M8-full,20/07/2026,1
Vuhovi,Nord-Kivu,1,TRUE,NA,NA,NA,NA,NA,NA,NA,NA,NA,NA,NA,NA,NA,0.2611,NA,NA,0.2027,0.6178,0,0.2239,0,Bayes-M8-full,20/07/2026,1
Goma,Nord-Kivu,1,TRUE,NA,NA,NA,NA,NA,NA,NA,NA,NA,NA,NA,NA,NA,0.2669,NA,NA,0.1274,0.8977,0,0.0425,0,Bayes-M8-full,20/07/2026,1
Miti Murhesa,Sud-Kivu,1,TRUE,NA,NA,NA,NA,NA,NA,NA,NA,NA,NA,NA,NA,NA,0.3277,NA,NA,0.2355,0.9131,0,0.1622,0,Bayes-M8-full,20/07/2026,1
Rethy,Ituri,2,FALSE,0.5325,0.3701,0.6881,0.7833,45.6844,1,1,2.4273,1,NA,NA,NA,NA,0.2703,1,1,0.2143,0.6081,0,0.2587,0,Bayes-M8-full,20/07/2026,2
Mahagi,Ituri,2,FALSE,0.4174,0.2637,0.5744,0.5547,32.3521,2,0.7839,1.7189,2,NA,NA,NA,NA,0.2292,0.6649,4,0.1718,0.6004,0,0.1448,0,Bayes-M8-full,20/07/2026,2
Jiba,Ituri,2,FALSE,0.3728,0.2284,0.5354,0.4784,27.9029,3,0.7002,1.4825,3,NA,NA,NA,NA,0.1651,0.4276,8,0.1815,0.1274,0,0.3514,0,Bayes-M8-full,20/07/2026,2
Oicha,Nord-Kivu,2,FALSE,0.3376,0.2315,0.4463,0.4168,24.3121,4,0.6339,NA,NA,4.9279,1,NA,NA,0.3364,0.789,2,0.3243,0.7606,0,0.2606,0,Bayes-M8-full,20/07/2026,2
Linga,Ituri,2,FALSE,0.2667,0.1826,0.3602,0.3131,18.2592,5,0.501,0.9701,4,NA,NA,NA,NA,0.2148,0.3981,10,0.1969,0.3417,0,0.3205,0,Bayes-M8-full,20/07/2026,2
Biringi,Ituri,2,FALSE,0.2283,0.1494,0.3183,0.2614,15.2483,6,0.4287,0.8102,5,NA,NA,NA,NA,0.3494,0.5542,5,0.3958,0.4865,0,0.5154,0,Bayes-M8-full,20/07/2026,2
Angumu,Ituri,2,FALSE,0.221,0.1087,0.3611,0.255,14.8752,7,0.415,0.7903,6,NA,NA,NA,NA,0.11,0.169,27,0.1641,0.1641,0,0.112,0,Bayes-M8-full,20/07/2026,2
Nyarambe,Ituri,2,FALSE,0.1944,0.0905,0.3278,0.2205,12.8584,8,0.3651,0.6832,7,NA,NA,NA,NA,0.1805,0.2438,19,0.1699,0.4595,0,0.0927,0,Bayes-M8-full,20/07/2026,2
Gombari,Haut-Uele,2,FALSE,0.189,0.1225,0.2675,0.2111,12.3103,9,0.355,NA,NA,NA,NA,2.2327,1,0.5772,0.7582,3,0.9633,0.8012,0,0.5444,0,Bayes-M8-full,20/07/2026,2
Lubero,Nord-Kivu,2,FALSE,0.1578,0.0893,0.2376,0.1732,10.1044,10,0.2963,NA,NA,2.0481,2,NA,NA,0.4585,0.5027,7,0.5734,0.9382,0,0.3224,0,Bayes-M8-full,20/07/2026,2
Watsa,Haut-Uele,2,FALSE,0.1549,0.0774,0.2542,0.1704,9.9408,11,0.291,NA,NA,NA,NA,1.803,2,0.4797,0.5165,6,0.7297,0.8436,0,0.3456,0,Bayes-M8-full,20/07/2026,2
Mutwanga,Nord-Kivu,2,FALSE,0.1444,0.0962,0.1995,0.1566,9.1331,12,0.2711,NA,NA,1.8512,3,NA,NA,0.2408,0.2416,20,0.2606,0.4672,0,0.2355,0,Bayes-M8-full,20/07/2026,2
Makoro,Haut-Uele,2,FALSE,0.136,0.0883,0.1899,0.1468,8.5615,13,0.2554,NA,NA,NA,NA,1.5528,3,0.3822,0.3611,11,0.556,0.5483,0,0.4247,0,Bayes-M8-full,20/07/2026,2
Adi,Ituri,2,FALSE,0.1232,0.055,0.2195,0.1333,7.7767,14,0.2314,0.4132,8,NA,NA,NA,NA,0.3977,0.3404,12,0.2587,0.7104,0,0.6216,0,Bayes-M8-full,20/07/2026,2
Manguredjipa,Nord-Kivu,2,FALSE,0.1223,0.0662,0.1879,0.1314,7.6638,15,0.2297,NA,NA,1.5534,4,NA,NA,0.3475,0.2953,15,0.778,0.0579,0,0.5541,0,Bayes-M8-full,20/07/2026,2
Laybo,Ituri,2,FALSE,0.1166,0.0651,0.1798,0.1248,7.2785,16,0.2189,0.3867,9,NA,NA,NA,NA,0.3393,0.2748,18,0.3069,0.556,0,0.4942,0,Bayes-M8-full,20/07/2026,2
Isiro,Haut-Uele,2,FALSE,0.1143,0.0431,0.2199,0.1234,7.1994,17,0.2146,NA,NA,NA,NA,1.3058,4,0.5253,0.4172,9,0.39,0.7587,0,0.9527,0,Bayes-M8-full,20/07/2026,2
Biena,Nord-Kivu,2,FALSE,0.1139,0.0802,0.1525,0.1212,7.0701,18,0.2139,NA,NA,1.4331,5,NA,NA,0.2013,0.1593,29,0.251,0.166,0,0.388,0,Bayes-M8-full,20/07/2026,2
Kayna,Nord-Kivu,2,FALSE,0.1079,0.0629,0.161,0.1148,6.6949,19,0.2027,NA,NA,1.357,6,NA,NA,0.3113,0.2335,21,0.2278,0.6332,0,0.3842,0,Bayes-M8-full,20/07/2026,2
Pawa,Haut-Uele,2,FALSE,0.0998,0.0452,0.1774,0.1063,6.1982,20,0.1875,NA,NA,NA,NA,1.1242,5,0.4315,0.2993,14,0.2934,0.5734,0,0.8591,0,Bayes-M8-full,20/07/2026,2
Adja,Ituri,2,FALSE,0.0971,0.0647,0.1356,0.1025,5.9773,21,0.1824,0.3176,10,NA,NA,NA,NA,0.2645,0.1785,25,0.249,0.4286,0,0.3803,0,Bayes-M8-full,20/07/2026,2
Kamango,Nord-Kivu,2,FALSE,0.095,0.0515,0.1514,0.1004,5.8586,22,0.1785,NA,NA,1.1875,7,NA,NA,0.4373,0.2888,16,0.6583,0.917,0,0.1737,0,Bayes-M8-full,20/07/2026,2
Bafwasende,Tshopo,2,FALSE,0.0913,0.0523,0.1408,0.0962,5.6115,23,0.1715,NA,NA,NA,NA,NA,NA,0.4546,0.2885,17,0.9073,0.2413,0,0.6699,0,Bayes-M8-full,20/07/2026,2
Nyiragongo,Nord-Kivu,2,FALSE,0.0821,0.0237,0.1802,0.0872,5.0885,24,0.1543,NA,NA,1.0314,8,NA,NA,0.2891,0.165,28,0.2432,0.8764,0,0.0367,0,Bayes-M8-full,20/07/2026,2
Karisimbi,Nord-Kivu,2,FALSE,0.0786,0.0173,0.184,0.0839,4.8925,25,0.1476,NA,NA,0.9917,9,NA,NA,0.1597,0.0872,51,0.0907,0.5154,0,0.0328,0,Bayes-M8-full,20/07/2026,2
Rungu,Haut-Uele,2,FALSE,0.0735,0.0415,0.1168,0.0766,4.4703,26,0.138,NA,NA,NA,NA,0.8108,6,0.6474,0.3306,13,0.8224,0.8031,0,0.9643,0,Bayes-M8-full,20/07/2026,2
Kirotshe,Nord-Kivu,2,FALSE,0.0689,0.0285,0.1277,0.072,4.1976,27,0.1294,NA,NA,0.8508,10,NA,NA,0.3842,0.184,24,0.3764,0.9961,0,0.1641,0,Bayes-M8-full,20/07/2026,2
Kibirizi,Nord-Kivu,2,FALSE,0.0594,0.0399,0.0821,0.0614,3.5786,28,0.1116,NA,NA,0.7254,11,NA,NA,0.4175,0.1724,26,0.5405,0.8552,0,0.2741,0,Bayes-M8-full,20/07/2026,2
Aba,Haut-Uele,2,FALSE,0.0581,0.0289,0.1015,0.0601,3.5074,29,0.1091,NA,NA,NA,NA,0.6361,7,0.569,0.2296,22,0.6004,0.6853,0,0.9903,0,Bayes-M8-full,20/07/2026,2
Rutshuru,Nord-Kivu,2,FALSE,0.0576,0.0244,0.1054,0.0597,3.4795,30,0.1081,NA,NA,0.7053,12,NA,NA,0.3721,0.1488,33,0.4093,0.9942,0,0.0849,0,Bayes-M8-full,20/07/2026,2
Alimbongo,Nord-Kivu,2,FALSE,0.0529,0.0306,0.0783,0.0545,3.1778,31,0.0994,NA,NA,0.6441,13,NA,NA,0.4262,0.1567,31,0.5849,0.7471,0,0.3726,0,Bayes-M8-full,20/07/2026,2
Dungu,Haut-Uele,2,FALSE,0.0524,0.0247,0.0893,0.054,3.1495,32,0.0983,NA,NA,NA,NA,0.5712,8,0.5275,0.1919,23,0.8726,0.5598,0,0.6776,0,Bayes-M8-full,20/07/2026,2
Bambo,Nord-Kivu,2,FALSE,0.049,0.0236,0.0832,0.0504,2.9406,33,0.092,NA,NA,0.5961,14,NA,NA,0.3962,0.1349,38,0.5521,0.9073,0,0.1255,0,Bayes-M8-full,20/07/2026,2
Wanierukula,Tshopo,2,FALSE,0.0453,0.0214,0.0779,0.0465,2.7119,34,0.085,NA,NA,NA,NA,NA,NA,0.473,0.1488,34,0.8436,0.5521,0,0.4961,0,Bayes-M8-full,20/07/2026,2
Minova,Sud-Kivu,2,FALSE,0.0434,0.0221,0.0705,0.0445,2.5962,35,0.0815,NA,NA,NA,NA,NA,NA,0.3866,0.1166,41,0.4421,0.9826,0,0.1216,0,Bayes-M8-full,20/07/2026,2
Kabondo,Tshopo,2,FALSE,0.0424,0.0183,0.0755,0.0435,2.5375,36,0.0796,NA,NA,NA,NA,NA,NA,0.18,0.053,71,0.1911,0.2722,0,0.2568,0,Bayes-M8-full,20/07/2026,2
Rwanguba,Nord-Kivu,2,FALSE,0.0416,0.0141,0.0841,0.0428,2.4936,37,0.0781,NA,NA,0.5054,15,NA,NA,0.2442,0.0706,60,0.2085,0.7027,0,0.0656,0,Bayes-M8-full,20/07/2026,2
Pinga,Nord-Kivu,2,FALSE,0.0402,0.024,0.0599,0.0411,2.3946,38,0.0754,NA,NA,0.4854,16,NA,NA,0.57,0.1591,30,0.9595,0.7548,0,0.5656,0,Bayes-M8-full,20/07/2026,2
Faradje,Haut-Uele,2,FALSE,0.0394,0.0246,0.0563,0.0403,2.3497,40,0.0741,NA,NA,NA,NA,0.4262,9,0.4474,0.1226,39,0.7606,0.666,0,0.3629,0,Bayes-M8-full,20/07/2026,2
Ruzizi,Sud-Kivu,2,FALSE,0.0394,0.0151,0.078,0.0404,2.3575,39,0.074,NA,NA,NA,NA,NA,NA,0.5627,0.154,32,0.3494,0.9093,0,0.9923,0,Bayes-M8-full,20/07/2026,2
Niangara,Haut-Uele,2,FALSE,0.0378,0.0211,0.0605,0.0386,2.2511,42,0.071,NA,NA,NA,NA,0.4083,10,0.5512,0.1447,35,0.8031,0.4324,0,0.9691,0,Bayes-M8-full,20/07/2026,2
Kibua,Nord-Kivu,2,FALSE,0.0378,0.0191,0.0619,0.0387,2.2548,41,0.071,NA,NA,0.457,17,NA,NA,0.5154,0.1355,37,0.7741,0.6602,0,0.6274,0,Bayes-M8-full,20/07/2026,2
Masisi,Nord-Kivu,2,FALSE,0.0376,0.0202,0.0582,0.0384,2.2373,43,0.0705,NA,NA,0.4535,18,NA,NA,0.4402,0.1149,42,0.4324,0.9575,0,0.3707,0,Bayes-M8-full,20/07/2026,2
Binza,Nord-Kivu,2,FALSE,0.0368,0.0152,0.067,0.0376,2.1928,44,0.069,NA,NA,0.4445,19,NA,NA,0.3518,0.0899,50,0.471,0.8378,0,0.0985,0,Bayes-M8-full,20/07/2026,2
Birambizo,Nord-Kivu,2,FALSE,0.0366,0.0199,0.0579,0.0374,2.1815,45,0.0688,NA,NA,0.4422,20,NA,NA,0.3625,0.0923,49,0.4035,0.89,0,0.1564,0,Bayes-M8-full,20/07/2026,2
Mweso,Nord-Kivu,2,FALSE,0.0366,0.0224,0.0536,0.0373,2.1757,47,0.0687,NA,NA,0.441,21,NA,NA,0.4189,0.1064,44,0.4498,0.9614,0,0.2645,0,Bayes-M8-full,20/07/2026,2
Nyangezi,Sud-Kivu,2,FALSE,0.0366,0.022,0.0548,0.0374,2.179,46,0.0688,NA,NA,NA,NA,NA,NA,0.36870000000000003,0.0938,48,0.222,0.8842,0,0.36870000000000003,0,Bayes-M8-full,20/07/2026,2
Nyantende,Sud-Kivu,2,FALSE,0.0364,0.0233,0.0518,0.0371,2.1659,48,0.0684,NA,NA,NA,NA,NA,NA,0.3219,0.0815,54,0.1486,0.8938,0,0.2452,0,Bayes-M8-full,20/07/2026,2
Katana,Sud-Kivu,2,FALSE,0.0354,0.02,0.0548,0.0361,2.1083,49,0.0666,NA,NA,NA,NA,NA,NA,0.3224,0.0794,57,0.2471,0.9112,0,0.1313,0,Bayes-M8-full,20/07/2026,2
Bafwagbogbo,Tshopo,2,FALSE,0.0348,0.0159,0.0594,0.0355,2.0729,50,0.0654,NA,NA,NA,NA,NA,NA,0.3948,0.0955,47,0.8591,0.027,0,0.6931,0,Bayes-M8-full,20/07/2026,2
Kabare,Sud-Kivu,2,FALSE,0.0333,0.0197,0.0496,0.0339,1.975,51,0.0624,NA,NA,NA,NA,NA,NA,0.3567,0.0824,52,0.2394,0.9884,0,0.1988,0,Bayes-M8-full,20/07/2026,2
Katoyi,Nord-Kivu,2,FALSE,0.0332,0.0206,0.0476,0.0338,1.9709,52,0.0623,NA,NA,0.3995,22,NA,NA,0.4542,0.1047,45,0.4614,0.9595,0,0.3958,0,Bayes-M8-full,20/07/2026,2
Ibanda,Sud-Kivu,2,FALSE,0.0319,0.0089,0.0685,0.0326,1.9014,54,0.0599,NA,NA,NA,NA,NA,NA,0.2307,0.0511,73,0.083,0.6216,0,0.2181,0,Bayes-M8-full,20/07/2026,2
Uvira,Sud-Kivu,2,FALSE,0.0319,0.0106,0.0679,0.0326,1.9035,53,0.0599,NA,NA,NA,NA,NA,NA,0.5502,0.122,40,0.2181,0.9846,0,0.9981,0,Bayes-M8-full,20/07/2026,2
Viadana,Bas-Uele,2,FALSE,0.0302,0.0169,0.0483,0.0307,1.7905,55,0.0567,NA,NA,NA,NA,NA,NA,0.6846,0.1436,36,0.9131,0.9788,0,0.8465,0,Bayes-M8-full,20/07/2026,2
Bagira,Sud-Kivu,2,FALSE,0.0294,0.0134,0.0515,0.0299,1.7439,56,0.0552,NA,NA,NA,NA,NA,NA,0.236,0.0482,75,0.1004,0.6371,0,0.2066,0,Bayes-M8-full,20/07/2026,2
Tshopo,Tshopo,2,FALSE,0.0292,0.0123,0.0525,0.0297,1.7316,57,0.0548,NA,NA,NA,NA,NA,NA,0.2466,0.05,74,0.361,0.334,0,0.2915,0,Bayes-M8-full,20/07/2026,2
Lemera,Sud-Kivu,2,FALSE,0.0286,0.014,0.0497,0.0291,1.6965,58,0.0537,NA,NA,NA,NA,NA,NA,0.5613,0.1116,43,0.3629,0.9015,0,0.9807,0,Bayes-M8-full,20/07/2026,2
Makiso Kisangani,Tshopo,2,FALSE,0.0284,0.0102,0.0569,0.0289,1.6845,59,0.0532,NA,NA,NA,NA,NA,NA,0.2355,0.0464,78,0.1332,0.5309,0,0.278,0,Bayes-M8-full,20/07/2026,2
Kalehe,Sud-Kivu,2,FALSE,0.0279,0.016,0.0433,0.0284,1.6546,60,0.0525,NA,NA,NA,NA,NA,NA,0.3369,0.0654,62,0.3417,0.8649,0,0.1409,0,Bayes-M8-full,20/07/2026,2
Lubunga (Tshopo),Tshopo,2,FALSE,0.0273,0.0121,0.0484,0.0278,1.6215,61,0.0514,NA,NA,NA,NA,NA,NA,0.2288,0.0435,81,0.2452,0.3436,0,0.3263,0,Bayes-M8-full,20/07/2026,2
Walungu,Sud-Kivu,2,FALSE,0.0242,0.0143,0.0361,0.0245,1.4311,62,0.0455,NA,NA,NA,NA,NA,NA,0.3248,0.0547,68,0.1853,0.8803,0,0.2336,0,Bayes-M8-full,20/07/2026,2
Kadutu,Sud-Kivu,2,FALSE,0.0232,0.0018,0.071,0.0238,1.389,63,0.0436,NA,NA,NA,NA,NA,NA,0.1636,0.0264,93,0.0579,0.3861,0,0.2104,0,Bayes-M8-full,20/07/2026,2
Opienge,Tshopo,2,FALSE,0.0232,0.0092,0.0428,0.0235,1.3705,64,0.0435,NA,NA,NA,NA,NA,NA,0.4445,0.0716,59,0.9556,0.0135,0,0.8089,0,Bayes-M8-full,20/07/2026,2
Haut Plateau,Sud-Kivu,2,FALSE,0.022,0.0113,0.036,0.0223,1.3011,65,0.0414,NA,NA,NA,NA,NA,NA,0.5246,0.0803,55,0.5714,0.5444,0,0.9826,0,Bayes-M8-full,20/07/2026,2
Mubumbano,Sud-Kivu,2,FALSE,0.021,0.0139,0.0292,0.0213,1.2409,66,0.0395,NA,NA,NA,NA,NA,NA,0.3658,0.0535,70,0.2683,0.9402,0,0.2548,0,Bayes-M8-full,20/07/2026,2
Poko,Bas-Uele,2,FALSE,0.0207,0.0106,0.0346,0.021,1.2234,67,0.0389,NA,NA,NA,NA,NA,NA,0.7271,0.1047,46,0.9923,0.9517,0,0.9643,0,Bayes-M8-full,20/07/2026,2
Kalonge,Sud-Kivu,2,FALSE,0.0207,0.0145,0.0281,0.0209,1.2214,68,0.0389,NA,NA,NA,NA,NA,NA,0.404,0.0581,66,0.4961,0.8359,0,0.2838,0,Bayes-M8-full,20/07/2026,2
Walikale,Nord-Kivu,2,FALSE,0.0205,0.0123,0.0299,0.0207,1.2068,70,0.0384,NA,NA,0.2446,23,NA,NA,0.5729,0.0815,53,0.9459,0.9286,0,0.417,0,Bayes-M8-full,20/07/2026,2
Banalia,Tshopo,2,FALSE,0.0205,0.0105,0.0341,0.0207,1.2087,69,0.0385,NA,NA,NA,NA,NA,NA,0.4242,0.0604,64,0.7799,0.1178,0,0.7992,0,Bayes-M8-full,20/07/2026,2
Bunyakiri,Sud-Kivu,2,FALSE,0.0201,0.0134,0.0276,0.0203,1.1832,71,0.0377,NA,NA,NA,NA,NA,NA,0.4517,0.063,63,0.6197,0.832,0,0.3552,0,Bayes-M8-full,20/07/2026,2
Nundu,Sud-Kivu,2,FALSE,0.0193,0.0092,0.0349,0.0196,1.1414,72,0.0363,NA,NA,NA,NA,NA,NA,0.5927,0.0797,56,0.527,0.8494,0,0.9942,0,Bayes-M8-full,20/07/2026,2
Kaniola,Sud-Kivu,2,FALSE,0.0191,0.0128,0.0263,0.0193,1.123,73,0.0358,NA,NA,NA,NA,NA,NA,0.4513,0.0598,65,0.5328,0.9305,0,0.3417,0,Bayes-M8-full,20/07/2026,2
Itebero,Nord-Kivu,2,FALSE,0.0187,0.0106,0.0289,0.0189,1.1048,74,0.0352,NA,NA,0.2239,24,NA,NA,0.5574,0.0726,58,0.9112,0.722,0,0.5965,0,Bayes-M8-full,20/07/2026,2
Kaziba,Sud-Kivu,2,FALSE,0.0187,0.0125,0.026,0.0189,1.1044,75,0.0352,NA,NA,NA,NA,NA,NA,0.3571,0.0465,77,0.2876,0.7838,0,0.3571,0,Bayes-M8-full,20/07/2026,2
Mwana,Sud-Kivu,2,FALSE,0.0178,0.0117,0.025,0.018,1.0471,76,0.0334,NA,NA,NA,NA,NA,NA,0.3731,0.0461,79,0.2896,0.9035,0,0.2992,0,Bayes-M8-full,20/07/2026,2
Lubutu,Maniema,2,FALSE,0.0165,0.0085,0.0274,0.0167,0.9739,77,0.0311,NA,NA,NA,NA,NA,NA,0.4706,0.0541,69,0.8205,0.2819,0,0.7799,0,Bayes-M8-full,20/07/2026,2
Mulungu,Sud-Kivu,2,FALSE,0.016,0.0092,0.0247,0.0161,0.9387,78,0.03,NA,NA,NA,NA,NA,NA,0.5208,0.0577,67,0.861,0.5193,0,0.7027,0,Bayes-M8-full,20/07/2026,2
Mangobo,Tshopo,2,FALSE,0.0149,0.0044,0.0301,0.0151,0.8789,79,0.028,NA,NA,NA,NA,NA,NA,0.2061,0.0214,101,0.0792,0.4382,0,0.3069,0,Bayes-M8-full,20/07/2026,2
Mwenga,Sud-Kivu,2,FALSE,0.0145,0.0092,0.0207,0.0146,0.8505,80,0.0272,NA,NA,NA,NA,NA,NA,0.319,0.0321,88,0.5,0.3552,0,0.4208,0,Bayes-M8-full,20/07/2026,2
Ganga,Bas-Uele,2,FALSE,0.0138,0.0067,0.0234,0.0139,0.8125,81,0.026,NA,NA,NA,NA,NA,NA,0.7218,0.0693,61,0.9672,0.9556,0,0.9643,0,Bayes-M8-full,20/07/2026,2
Doruma,Haut-Uele,2,FALSE,0.0121,0.0048,0.0231,0.0122,0.7105,82,0.0227,NA,NA,NA,NA,0.1289,11,0.6216,0.0522,72,0.973,0.5135,0,1,0,Bayes-M8-full,20/07/2026,2
Fizi,Sud-Kivu,2,FALSE,0.0117,0.0047,0.0217,0.0118,0.6854,83,0.0219,NA,NA,NA,NA,NA,NA,0.5637,0.0457,80,0.7432,0.9691,0,0.5425,0,Bayes-M8-full,20/07/2026,2
Obokote,Maniema,2,FALSE,0.0112,0.0043,0.0209,0.0113,0.6575,84,0.021,NA,NA,NA,NA,NA,NA,0.3209,0.025,96,0.7239,0.0328,0,0.527,0,Bayes-M8-full,20/07/2026,2
Kamituga,Sud-Kivu,2,FALSE,0.011,0.0066,0.0163,0.0111,0.6445,85,0.0206,NA,NA,NA,NA,NA,NA,0.3596,0.0274,90,0.3938,0.6062,0,0.4382,0,Bayes-M8-full,20/07/2026,2
Kitutu,Sud-Kivu,2,FALSE,0.0104,0.006,0.0155,0.0105,0.6113,86,0.0196,NA,NA,NA,NA,NA,NA,0.5024,0.0364,85,0.751,0.805,0,0.4537,0,Bayes-M8-full,20/07/2026,2
Minembwe,Sud-Kivu,2,FALSE,0.0102,0.0055,0.016,0.0102,0.5954,87,0.0191,NA,NA,NA,NA,NA,NA,0.5198,0.0367,84,0.7181,0.8089,0,0.5521,0,Bayes-M8-full,20/07/2026,2
Kalole,Sud-Kivu,2,FALSE,0.0101,0.0054,0.0165,0.0102,0.5952,88,0.0191,NA,NA,NA,NA,NA,NA,0.6038,0.0426,82,0.89,0.7799,0,0.7452,0,Bayes-M8-full,20/07/2026,2
Bengamisa,Tshopo,2,FALSE,0.0098,0.0047,0.0168,0.0098,0.5736,89,0.0184,NA,NA,NA,NA,NA,NA,0.3012,0.0205,103,0.612,0.2162,0,0.3764,0,Bayes-M8-full,20/07/2026,2
Itombwe,Sud-Kivu,2,FALSE,0.0097,0.0045,0.0163,0.0097,0.5671,90,0.0182,NA,NA,NA,NA,NA,NA,0.5121,0.0344,87,0.8571,0.6737,0,0.5174,0,Bayes-M8-full,20/07/2026,2
Buta,Bas-Uele,2,FALSE,0.0096,0.004,0.0179,0.0097,0.5628,91,0.018,NA,NA,NA,NA,NA,NA,0.7225,0.0482,76,0.9749,0.9923,0,0.9228,0,Bayes-M8-full,20/07/2026,2
Yakusu,Tshopo,2,FALSE,0.0095,0.0044,0.0164,0.0095,0.5556,92,0.0178,NA,NA,NA,NA,NA,NA,0.319,0.021,102,0.4208,0.2085,0,0.6467,0,Bayes-M8-full,20/07/2026,2
Isangi,Tshopo,2,FALSE,0.0087,0.0037,0.0158,0.0088,0.5122,93,0.0164,NA,NA,NA,NA,NA,NA,0.3837,0.0233,98,0.4054,0.4073,0,0.722,0,Bayes-M8-full,20/07/2026,2
Lulingu,Sud-Kivu,2,FALSE,0.0083,0.0044,0.0137,0.0084,0.4887,94,0.0157,NA,NA,NA,NA,NA,NA,0.6158,0.0357,86,0.9093,0.8108,0,0.7432,0,Bayes-M8-full,20/07/2026,2
Ubundu,Tshopo,2,FALSE,0.008,0.0038,0.0137,0.0081,0.47,95,0.0151,NA,NA,NA,NA,NA,NA,0.4744,0.0264,92,0.9054,0.4305,0,0.5618,0,Bayes-M8-full,20/07/2026,2
Titule,Bas-Uele,2,FALSE,0.0078,0.0033,0.0141,0.0078,0.4563,96,0.0146,NA,NA,NA,NA,NA,NA,0.6839,0.037,83,0.9865,0.8263,0,0.9228,0,Bayes-M8-full,20/07/2026,2
Kimbi Lulenge,Sud-Kivu,2,FALSE,0.0076,0.004,0.0121,0.0076,0.4437,97,0.0142,NA,NA,NA,NA,NA,NA,0.5507,0.029,89,0.8475,0.8687,0,0.4865,0,Bayes-M8-full,20/07/2026,2
Kasongo,Maniema,2,FALSE,0.0074,0.003,0.014,0.0074,0.4323,99,0.0139,NA,NA,NA,NA,NA,NA,0.5304,0.0272,91,0.4459,0.7529,0,0.9228,0,Bayes-M8-full,20/07/2026,2
Nyemba,Tanganyika,2,FALSE,0.0074,0.0031,0.0136,0.0074,0.4332,98,0.0139,NA,NA,NA,NA,NA,NA,0.3456,0.0178,111,0.5965,0.4556,0,0.3301,0,Bayes-M8-full,20/07/2026,2
Saramabila,Maniema,2,FALSE,0.0071,0.0034,0.0124,0.0072,0.4174,100,0.0134,NA,NA,NA,NA,NA,NA,0.4768,0.0236,97,0.473,0.5502,0,0.8842,0,Bayes-M8-full,20/07/2026,2
Ferekeni,Maniema,2,FALSE,0.0068,0.0027,0.0129,0.0068,0.3981,101,0.0128,NA,NA,NA,NA,NA,NA,0.3504,0.0165,114,0.7722,0.0425,0,0.5869,0,Bayes-M8-full,20/07/2026,2
Kabambare,Maniema,2,FALSE,0.0067,0.0032,0.0114,0.0068,0.3949,102,0.0127,NA,NA,NA,NA,NA,NA,0.3953,0.0185,106,0.8359,0.112,0,0.6332,0,Bayes-M8-full,20/07/2026,2
Lusangi,Maniema,2,FALSE,0.0067,0.0033,0.0112,0.0067,0.3903,103,0.0125,NA,NA,NA,NA,NA,NA,0.4223,0.0196,104,0.5656,0.2645,0,0.8591,0,Bayes-M8-full,20/07/2026,2
Kampene,Maniema,2,FALSE,0.0065,0.0032,0.0112,0.0065,0.3803,104,0.0122,NA,NA,NA,NA,NA,NA,0.3962,0.0179,109,0.5251,0.1757,0,0.8842,0,Bayes-M8-full,20/07/2026,2
Lowa,Tshopo,2,FALSE,0.0064,0.0025,0.0118,0.0064,0.3721,105,0.0119,NA,NA,NA,NA,NA,NA,0.4073,0.018,108,0.8938,0.0598,0,0.6757,0,Bayes-M8-full,20/07/2026,2
Samba,Maniema,2,FALSE,0.0063,0.0031,0.0107,0.0063,0.3674,106,0.0118,NA,NA,NA,NA,NA,NA,0.5179,0.0226,100,0.7529,0.4344,0,0.8842,0,Bayes-M8-full,20/07/2026,2
Kunda,Maniema,2,FALSE,0.0062,0.0026,0.0114,0.0062,0.3607,108,0.0116,NA,NA,NA,NA,NA,NA,0.4165,0.0178,110,0.4633,0.2799,0,0.9228,0,Bayes-M8-full,20/07/2026,2
Shabunda,Sud-Kivu,2,FALSE,0.0062,0.0029,0.011,0.0062,0.3641,107,0.0117,NA,NA,NA,NA,NA,NA,0.5922,0.0256,94,0.8378,0.8726,0,0.6583,0,Bayes-M8-full,20/07/2026,2
Yabaondo,Tshopo,2,FALSE,0.0061,0.0026,0.0111,0.0062,0.3592,109,0.0115,NA,NA,NA,NA,NA,NA,0.3523,0.015,117,0.4363,0.305,0,0.668,0,Bayes-M8-full,20/07/2026,2
Kindu,Maniema,2,FALSE,0.0057,0.0022,0.011,0.0057,0.3334,110,0.0107,NA,NA,NA,NA,NA,NA,0.3181,0.0126,124,0.1351,0.2529,0,0.8842,0,Bayes-M8-full,20/07/2026,2
Alunguli,Maniema,2,FALSE,0.0054,0.0024,0.0096,0.0054,0.3132,113,0.0101,NA,NA,NA,NA,NA,NA,0.3132,0.0116,133,0.1737,0.195,0,0.8842,0,Bayes-M8-full,20/07/2026,2
Yaleko,Tshopo,2,FALSE,0.0054,0.0022,0.0099,0.0054,0.3131,114,0.01,NA,NA,NA,NA,NA,NA,0.402,0.0149,118,0.639,0.2452,0,0.7239,0,Bayes-M8-full,20/07/2026,2
Basoko,Tshopo,2,FALSE,0.0054,0.0021,0.0102,0.0054,0.3138,112,0.0101,NA,NA,NA,NA,NA,NA,0.3012,0.0112,136,0.5077,0.3147,0,0.3822,0,Bayes-M8-full,20/07/2026,2
Bili (Bas-Uele),Bas-Uele,2,FALSE,0.0053,0.002,0.0102,0.0053,0.3099,115,0.0099,NA,NA,NA,NA,NA,NA,0.6926,0.0255,95,0.9981,0.7992,0,0.973,0,Bayes-M8-full,20/07/2026,2
Police,Kinshasa,2,FALSE,0.0053,1e-4,0.0209,0.0054,0.3146,111,0.01,NA,NA,NA,NA,NA,NA,0.0478,0.0018,392,0.0463,0.0772,0,0.0676,0,Bayes-M8-full,20/07/2026,2
Punia,Maniema,2,FALSE,0.0053,0.0024,0.0093,0.0053,0.3081,116,0.0099,NA,NA,NA,NA,NA,NA,0.3731,0.0137,123,0.7625,0.1969,0,0.5328,0,Bayes-M8-full,20/07/2026,2
Pangi,Maniema,2,FALSE,0.005,0.0021,0.009,0.005,0.2905,118,0.0093,NA,NA,NA,NA,NA,NA,0.3316,0.0114,135,0.6081,0.056,0,0.6622,0,Bayes-M8-full,20/07/2026,2
Yahisuli,Tshopo,2,FALSE,0.005,0.0021,0.0092,0.005,0.2942,117,0.0094,NA,NA,NA,NA,NA,NA,0.3521,0.0123,128,0.3842,0.0714,0,0.9527,0,Bayes-M8-full,20/07/2026,2
Gombe,Kinshasa,2,FALSE,0.0048,2e-4,0.018,0.0048,0.2826,119,0.009,NA,NA,NA,NA,NA,NA,0.1622,0.0054,230,0.0695,0.5695,0,0.0097,0,Bayes-M8-full,20/07/2026,2
Kibombo,Maniema,2,FALSE,0.0048,0.0022,0.0083,0.0048,0.2792,120,0.009,NA,NA,NA,NA,NA,NA,0.4614,0.0153,116,0.7452,0.1776,0,0.9228,0,Bayes-M8-full,20/07/2026,2
Ango,Bas-Uele,2,FALSE,0.0047,0.002,0.0086,0.0047,0.2745,121,0.0088,NA,NA,NA,NA,NA,NA,0.7095,0.0231,99,1,0.8591,0,0.9788,0,Bayes-M8-full,20/07/2026,2
Kokolo,Kinshasa,2,FALSE,0.0046,3e-4,0.0159,0.0046,0.2675,123,0.0086,NA,NA,NA,NA,NA,NA,0.2172,0.0069,185,0.0772,0.7722,0,0.0193,0,Bayes-M8-full,20/07/2026,2
Kalima,Maniema,2,FALSE,0.0046,0.0021,0.008,0.0046,0.2692,122,0.0086,NA,NA,NA,NA,NA,NA,0.3094,0.0099,145,0.4595,0.3205,0,0.4575,0,Bayes-M8-full,20/07/2026,2
Basali,Tshopo,2,FALSE,0.0045,0.0017,0.0089,0.0045,0.2646,124,0.0085,NA,NA,NA,NA,NA,NA,0.3779,0.0119,131,0.834,0.0251,0,0.6525,0,Bayes-M8-full,20/07/2026,2
Kalemie,Tanganyika,2,FALSE,0.0045,0.0017,0.0085,0.0045,0.2606,125,0.0084,NA,NA,NA,NA,NA,NA,0.3789,0.0117,132,0.6718,0.4575,0,0.3861,0,Bayes-M8-full,20/07/2026,2
Mbulula,Tanganyika,2,FALSE,0.0044,0.0019,0.0081,0.0044,0.2569,126,0.0082,NA,NA,NA,NA,NA,NA,0.5934,0.0181,107,0.6448,0.7761,0,0.9527,0,Bayes-M8-full,20/07/2026,2
Yamaluka,Mongala,2,FALSE,0.0043,0.0014,0.0088,0.0043,0.2531,127,0.0081,NA,NA,NA,NA,NA,NA,0.1974,0.0059,211,0.2799,0.1448,0,0.3649,0,Bayes-M8-full,20/07/2026,2
Lubao,Lomami,2,FALSE,0.0042,0.0019,0.0075,0.0042,0.2452,128,0.0079,NA,NA,NA,NA,NA,NA,0.3982,0.0116,134,0.6486,0.1525,0,0.7915,0,Bayes-M8-full,20/07/2026,2
Kailo,Maniema,2,FALSE,0.0042,0.0018,0.0075,0.0042,0.244,129,0.0078,NA,NA,NA,NA,NA,NA,0.4276,0.0124,126,0.832,0.0946,0,0.7838,0,Bayes-M8-full,20/07/2026,2
Aketi,Bas-Uele,2,FALSE,0.0041,0.0017,0.0078,0.0041,0.2408,130,0.0077,NA,NA,NA,NA,NA,NA,0.6762,0.0193,105,0.9903,0.9363,0,0.778,0,Bayes-M8-full,20/07/2026,2
Tunda,Maniema,2,FALSE,0.0038,0.0016,0.0072,0.0039,0.225,131,0.0072,NA,NA,NA,NA,NA,NA,0.459,0.0123,129,0.8977,0.0541,0,0.8842,0,Bayes-M8-full,20/07/2026,2
Opala,Tshopo,2,FALSE,0.0037,0.0015,0.0071,0.0037,0.2169,133,0.007,NA,NA,NA,NA,NA,NA,0.4269,0.011,140,0.7819,0.0792,0,0.8465,0,Bayes-M8-full,20/07/2026,2
Nyunzu,Tanganyika,2,FALSE,0.0037,0.0016,0.0067,0.0037,0.217,132,0.007,NA,NA,NA,NA,NA,NA,0.6023,0.0155,115,0.9653,0.834,0,0.61,0,Bayes-M8-full,20/07/2026,2
Kabinda,Lomami,2,FALSE,0.0036,0.0014,0.0072,0.0036,0.2107,135,0.0068,NA,NA,NA,NA,NA,NA,0.4382,0.011,141,0.5097,0.5541,0,0.6892,0,Bayes-M8-full,20/07/2026,2
Yahuma,Tshopo,2,FALSE,0.0036,0.0014,0.0069,0.0036,0.2111,134,0.0068,NA,NA,NA,NA,NA,NA,0.4402,0.011,139,0.8649,0.332,0,0.5637,0,Bayes-M8-full,20/07/2026,2
Ludimbi Lukula,Lomami,2,FALSE,0.0035,0.0015,0.0065,0.0035,0.2064,136,0.0066,NA,NA,NA,NA,NA,NA,0.4513,0.0111,138,0.6931,0.3475,0,0.7645,0,Bayes-M8-full,20/07/2026,2
Kongolo,Tanganyika,2,FALSE,0.0035,0.0013,0.0072,0.0035,0.2056,137,0.0066,NA,NA,NA,NA,NA,NA,0.6829,0.0167,113,0.8861,0.9228,0,0.9228,0,Bayes-M8-full,20/07/2026,2
Likati,Bas-Uele,2,FALSE,0.0034,0.0013,0.0064,0.0034,0.1971,140,0.0063,NA,NA,NA,NA,NA,NA,0.7124,0.0167,112,0.9942,0.971,0,0.8842,0,Bayes-M8-full,20/07/2026,2
Nsele,Kinshasa,2,FALSE,0.0034,4e-4,0.0105,0.0034,0.1995,139,0.0064,NA,NA,NA,NA,NA,NA,0.1583,0.0037,294,0.139,0.3996,0,0.0946,0,Bayes-M8-full,20/07/2026,2
Tshofa,Lomami,2,FALSE,0.0034,0.0014,0.0062,0.0034,0.1965,141,0.0063,NA,NA,NA,NA,NA,NA,0.4416,0.0103,143,0.6757,0.3514,0,0.7394,0,Bayes-M8-full,20/07/2026,2
Yalimbongo,Tshopo,2,FALSE,0.0034,0.0013,0.0066,0.0035,0.2014,138,0.0065,NA,NA,NA,NA,NA,NA,0.3214,0.0077,168,0.5772,0.0483,0,0.6602,0,Bayes-M8-full,20/07/2026,2
Lingwala,Kinshasa,2,FALSE,0.0033,0,0.0167,0.0033,0.1917,143,0.0061,NA,NA,NA,NA,NA,NA,0.0323,7e-4,447,0.0232,0.0907,0,0.0154,0,Bayes-M8-full,20/07/2026,2
Kamana,Lomami,2,FALSE,0.0033,0.0014,0.006,0.0033,0.1914,144,0.0061,NA,NA,NA,NA,NA,NA,0.2944,0.0067,188,0.5309,0.0174,0,0.6293,0,Bayes-M8-full,20/07/2026,2
Kabalo,Tanganyika,2,FALSE,0.0033,0.0013,0.0064,0.0033,0.1938,142,0.0062,NA,NA,NA,NA,NA,NA,0.624,0.0144,119,0.9035,0.7568,0,0.8359,0,Bayes-M8-full,20/07/2026,2
Kasa Vubu,Kinshasa,2,FALSE,0.0032,0,0.0143,0.0032,0.1883,145,0.006,NA,NA,NA,NA,NA,NA,0.0444,0.001,432,0.0309,0.1216,0,0.0251,0,Bayes-M8-full,20/07/2026,2
Lolo,Mongala,2,FALSE,0.0032,0.0012,0.0061,0.0032,0.1863,146,0.006,NA,NA,NA,NA,NA,NA,0.3161,0.007,183,0.4073,0.3263,0,0.5309,0,Bayes-M8-full,20/07/2026,2
Djolu,Tshuapa,2,FALSE,0.0031,0.001,0.0064,0.0031,0.1792,148,0.0058,NA,NA,NA,NA,NA,NA,0.5256,0.0112,137,0.7104,0.5985,0,0.7934,0,Bayes-M8-full,20/07/2026,2
Kiambi,Tanganyika,2,FALSE,0.0031,0.0013,0.0058,0.0031,0.1829,147,0.0059,NA,NA,NA,NA,NA,NA,0.5709,0.0124,125,0.9807,0.6834,0,0.6197,0,Bayes-M8-full,20/07/2026,2
Lisala,Mongala,2,FALSE,0.003,0.001,0.0065,0.003,0.1777,150,0.0057,NA,NA,NA,NA,NA,NA,0.4093,0.0086,155,0.4286,0.4402,0,0.7683,0,Bayes-M8-full,20/07/2026,2
Djalo Ndjeka,Sankuru,2,FALSE,0.003,0.0012,0.0058,0.003,0.1778,149,0.0057,NA,NA,NA,NA,NA,NA,0.3378,0.0071,176,0.3591,0.0695,0,0.9228,0,Bayes-M8-full,20/07/2026,2
Lingomo,Tshuapa,2,FALSE,0.003,0.0011,0.0059,0.003,0.1776,151,0.0057,NA,NA,NA,NA,NA,NA,0.5627,0.0119,130,0.8263,0.5869,0,0.8378,0,Bayes-M8-full,20/07/2026,2
Ikela,Tshuapa,2,FALSE,0.003,0.0011,0.0058,0.003,0.1751,152,0.0056,NA,NA,NA,NA,NA,NA,0.4633,0.0096,147,0.8147,0.1795,0,0.8591,0,Bayes-M8-full,20/07/2026,2
Bondo,Bas-Uele,2,FALSE,0.0029,0.001,0.0058,0.0029,0.171,154,0.0055,NA,NA,NA,NA,NA,NA,0.6737,0.0137,122,0.9961,0.9981,0,0.7008,0,Bayes-M8-full,20/07/2026,2
Kalambayi Kabanga,Lomami,2,FALSE,0.0029,0.0012,0.0053,0.0029,0.1674,158,0.0054,NA,NA,NA,NA,NA,NA,0.3132,0.0062,202,0.4556,0.1602,0,0.6371,0,Bayes-M8-full,20/07/2026,2
Mulumba,Lomami,2,FALSE,0.0029,0.0012,0.0054,0.0029,0.1702,155,0.0055,NA,NA,NA,NA,NA,NA,0.2587,0.0052,237,0.1834,0.3108,0,0.5405,0,Bayes-M8-full,20/07/2026,2
Ngandajika,Lomami,2,FALSE,0.0029,0.0012,0.0054,0.0029,0.1698,156,0.0055,NA,NA,NA,NA,NA,NA,0.3465,0.007,184,0.2124,0.4459,0,0.7278,0,Bayes-M8-full,20/07/2026,2
Wapinda,Nord-Ubangi,2,FALSE,0.0029,0.0011,0.0058,0.003,0.1722,153,0.0055,NA,NA,NA,NA,NA,NA,0.6791,0.0139,120,0.9015,0.8398,0,0.9749,0,Bayes-M8-full,20/07/2026,2
Tshumbe,Sankuru,2,FALSE,0.0029,0.0012,0.0053,0.0029,0.1679,157,0.0054,NA,NA,NA,NA,NA,NA,0.3907,0.0078,165,0.5444,0.1718,0,0.8465,0,Bayes-M8-full,20/07/2026,2
Kalonda Est,Lomami,2,FALSE,0.0028,0.0012,0.0053,0.0028,0.164,161,0.0053,NA,NA,NA,NA,NA,NA,0.3292,0.0064,197,0.5425,0.1506,0,0.6236,0,Bayes-M8-full,20/07/2026,2
Kanda Kanda,Lomami,2,FALSE,0.0028,0.0011,0.0053,0.0028,0.1651,159,0.0053,NA,NA,NA,NA,NA,NA,0.3012,0.0059,213,0.3185,0.1737,0,0.7124,0,Bayes-M8-full,20/07/2026,2
Katako Kombe,Sankuru,2,FALSE,0.0028,0.0011,0.0053,0.0028,0.1628,162,0.0052,NA,NA,NA,NA,NA,NA,0.4703,0.0091,153,0.7857,0.1313,0,0.9643,0,Bayes-M8-full,20/07/2026,2
Wembo Nyama,Sankuru,2,FALSE,0.0028,0.0011,0.0052,0.0028,0.1641,160,0.0053,NA,NA,NA,NA,NA,NA,0.4097,0.008,159,0.5019,0.2143,0,0.9228,0,Bayes-M8-full,20/07/2026,2
Monga,Bas-Uele,2,FALSE,0.0027,0.001,0.0052,0.0027,0.1578,165,0.0051,NA,NA,NA,NA,NA,NA,0.7336,0.0138,121,0.9826,0.9672,0,0.9846,0,Bayes-M8-full,20/07/2026,2
Maluku 1,Kinshasa,2,FALSE,0.0027,4e-4,0.0073,0.0028,0.1607,163,0.0052,NA,NA,NA,NA,NA,NA,0.2321,0.0044,263,0.3475,0.4517,0,0.1293,0,Bayes-M8-full,20/07/2026,2
Yakoma,Nord-Ubangi,2,FALSE,0.0027,9e-4,0.0055,0.0027,0.157,166,0.005,NA,NA,NA,NA,NA,NA,0.6641,0.0124,127,0.7124,0.9479,0,0.9961,0,Bayes-M8-full,20/07/2026,2
Omendjadi,Sankuru,2,FALSE,0.0027,0.0011,0.0051,0.0027,0.1554,167,0.005,NA,NA,NA,NA,NA,NA,0.4262,0.0079,162,0.5502,0.2317,0,0.9228,0,Bayes-M8-full,20/07/2026,2
Dikungu,Sankuru,2,FALSE,0.0027,0.0011,0.0051,0.0027,0.1582,164,0.0051,NA,NA,NA,NA,NA,NA,0.3779,0.0071,178,0.4865,0.1409,0,0.8842,0,Bayes-M8-full,20/07/2026,2
Kasansa,Kasaï-Oriental,2,FALSE,0.0026,0.001,0.0051,0.0027,0.1547,168,0.005,NA,NA,NA,NA,NA,NA,0.3349,0.0062,206,0.2568,0.6699,0,0.4131,0,Bayes-M8-full,20/07/2026,2
Luputa,Lomami,2,FALSE,0.0026,9e-4,0.0052,0.0026,0.1492,172,0.0048,NA,NA,NA,NA,NA,NA,0.3431,0.0061,208,0.3301,0.3166,0,0.7259,0,Bayes-M8-full,20/07/2026,2
Wasolo,Nord-Ubangi,2,FALSE,0.0026,9e-4,0.0051,0.0026,0.152,170,0.0049,NA,NA,NA,NA,NA,NA,0.5709,0.0103,142,0.5541,0.7413,0,0.9884,0,Bayes-M8-full,20/07/2026,2
Minga,Sankuru,2,FALSE,0.0026,0.001,0.0048,0.0026,0.149,173,0.0048,NA,NA,NA,NA,NA,NA,0.5347,0.0095,150,0.7838,0.471,0,0.8842,0,Bayes-M8-full,20/07/2026,2
Pania Mutombo,Sankuru,2,FALSE,0.0026,0.001,0.0052,0.0026,0.1534,169,0.0049,NA,NA,NA,NA,NA,NA,0.4117,0.0075,173,0.7413,0.1236,0,0.7819,0,Bayes-M8-full,20/07/2026,2
Yalifafu,Tshuapa,2,FALSE,0.0026,9e-4,0.0051,0.0026,0.151,171,0.0049,NA,NA,NA,NA,NA,NA,0.4797,0.0086,156,0.7664,0.2683,0,0.8842,0,Bayes-M8-full,20/07/2026,2
Bibanga,Kasaï-Oriental,2,FALSE,0.0025,0.001,0.0048,0.0026,0.1488,174,0.0048,NA,NA,NA,NA,NA,NA,0.2978,0.0053,236,0.3127,0.4884,0,0.39,0,Bayes-M8-full,20/07/2026,2
Mukumbi,Kasaï-Oriental,2,FALSE,0.0025,0.001,0.0047,0.0025,0.1477,175,0.0047,NA,NA,NA,NA,NA,NA,0.2249,0.004,281,0.2413,0.1892,0,0.4691,0,Bayes-M8-full,20/07/2026,2
Kamiji,Lomami,2,FALSE,0.0025,9e-4,0.0048,0.0025,0.146,179,0.0047,NA,NA,NA,NA,NA,NA,0.2635,0.0046,259,0.3398,0.1293,0,0.5849,0,Bayes-M8-full,20/07/2026,2
Mweneditu,Lomami,2,FALSE,0.0025,9e-4,0.0049,0.0025,0.1453,180,0.0047,NA,NA,NA,NA,NA,NA,0.2799,0.0048,248,0.166,0.3842,0,0.5695,0,Bayes-M8-full,20/07/2026,2
Yamongili,Mongala,2,FALSE,0.0025,9e-4,0.0048,0.0025,0.1435,181,0.0046,NA,NA,NA,NA,NA,NA,0.3243,0.0055,226,0.5116,0.3668,0,0.4189,0,Bayes-M8-full,20/07/2026,2
Bongandanga,Mongala,2,FALSE,0.0025,8e-4,0.0053,0.0025,0.1474,176,0.0047,NA,NA,NA,NA,NA,NA,0.4228,0.0074,174,0.7587,0.0097,0,0.9228,0,Bayes-M8-full,20/07/2026,2
Vanga Kete,Sankuru,2,FALSE,0.0025,0.001,0.0048,0.0025,0.1473,177,0.0047,NA,NA,NA,NA,NA,NA,0.4503,0.0079,161,0.4672,0.4112,0,0.9228,0,Bayes-M8-full,20/07/2026,2
Kansimba,Tanganyika,2,FALSE,0.0025,0.001,0.0047,0.0025,0.1462,178,0.0047,NA,NA,NA,NA,NA,NA,0.5497,0.0096,148,0.9479,0.7741,0,0.4768,0,Bayes-M8-full,20/07/2026,2
Kitenge,Haut-Lomami,2,FALSE,0.0024,9e-4,0.0048,0.0024,0.1427,182,0.0046,NA,NA,NA,NA,NA,NA,0.5729,0.0097,146,0.8668,0.8069,0,0.6178,0,Bayes-M8-full,20/07/2026,2
Lubunga (Kasaï-Central),Kasaï-Central,2,FALSE,0.0024,9e-4,0.0047,0.0024,0.1418,184,0.0046,NA,NA,NA,NA,NA,NA,0.4599,0.0078,166,0.5637,0.4653,0,0.8108,0,Bayes-M8-full,20/07/2026,2
Citenge,Kasaï-Oriental,2,FALSE,0.0024,9e-4,0.0047,0.0024,0.1409,186,0.0045,NA,NA,NA,NA,NA,NA,0.2321,0.0039,285,0.1583,0.4749,0,0.2954,0,Bayes-M8-full,20/07/2026,2
Kabeya Kamwanga,Kasaï-Oriental,2,FALSE,0.0024,9e-4,0.0047,0.0024,0.1408,187,0.0045,NA,NA,NA,NA,NA,NA,0.2968,0.005,245,0.3224,0.3919,0,0.473,0,Bayes-M8-full,20/07/2026,2
Tshilenge,Kasaï-Oriental,2,FALSE,0.0024,8e-4,0.0048,0.0024,0.1392,190,0.0045,NA,NA,NA,NA,NA,NA,0.2799,0.0046,257,0.1892,0.668,0,0.2625,0,Bayes-M8-full,20/07/2026,2
Tshishimbi,Kasaï-Oriental,2,FALSE,0.0024,8e-4,0.0046,0.0024,0.1376,193,0.0044,NA,NA,NA,NA,NA,NA,0.1742,0.0029,348,0.1795,0.2471,0,0.2703,0,Bayes-M8-full,20/07/2026,2
Yambuku,Mongala,2,FALSE,0.0024,7e-4,0.0053,0.0024,0.1376,194,0.0044,NA,NA,NA,NA,NA,NA,0.4344,0.0071,179,0.5483,0.5753,0,0.6139,0,Bayes-M8-full,20/07/2026,2
Bosondjo,Mongala,2,FALSE,0.0024,9e-4,0.0047,0.0024,0.14,188,0.0045,NA,NA,NA,NA,NA,NA,0.3489,0.0058,219,0.5618,0.1931,0,0.6409,0,Bayes-M8-full,20/07/2026,2
Lodja,Sankuru,2,FALSE,0.0024,8e-4,0.005,0.0024,0.1392,189,0.0045,NA,NA,NA,NA,NA,NA,0.4626,0.0077,169,0.2625,0.6351,0,0.9527,0,Bayes-M8-full,20/07/2026,2
Lomela,Sankuru,2,FALSE,0.0024,9e-4,0.0046,0.0024,0.1391,191,0.0045,NA,NA,NA,NA,NA,NA,0.4759,0.0079,163,0.8456,0.1351,0,0.9228,0,Bayes-M8-full,20/07/2026,2
Mompono,Tshuapa,2,FALSE,0.0024,9e-4,0.0048,0.0024,0.1415,185,0.0045,NA,NA,NA,NA,NA,NA,0.5598,0.0094,152,0.8089,0.6042,0,0.8263,0,Bayes-M8-full,20/07/2026,2
Mondombe,Tshuapa,2,FALSE,0.0024,9e-4,0.0049,0.0024,0.1422,183,0.0046,NA,NA,NA,NA,NA,NA,0.4797,0.0081,158,0.6622,0.3726,0,0.8842,0,Bayes-M8-full,20/07/2026,2
Manono,Tanganyika,2,FALSE,0.0024,8e-4,0.0047,0.0024,0.1389,192,0.0045,NA,NA,NA,NA,NA,NA,0.5758,0.0095,149,0.8784,0.9537,0,0.471,0,Bayes-M8-full,20/07/2026,2
Kaniama,Haut-Lomami,2,FALSE,0.0023,9e-4,0.0046,0.0023,0.1369,195,0.0044,NA,NA,NA,NA,NA,NA,0.582,0.0095,151,0.8533,0.6622,0,0.8127,0,Bayes-M8-full,20/07/2026,2
Kayamba,Haut-Lomami,2,FALSE,0.0023,8e-4,0.0046,0.0023,0.1344,198,0.0043,NA,NA,NA,NA,NA,NA,0.4276,0.0068,186,0.7027,0.4189,0,0.5888,0,Bayes-M8-full,20/07/2026,2
Bobozo,Kasaï-Central,2,FALSE,0.0023,5e-4,0.0056,0.0023,0.1363,196,0.0044,NA,NA,NA,NA,NA,NA,0.2336,0.0038,289,0.1602,0.2857,0,0.4884,0,Bayes-M8-full,20/07/2026,2
Dibaya,Kasaï-Central,2,FALSE,0.0023,9e-4,0.0044,0.0023,0.1352,197,0.0043,NA,NA,NA,NA,NA,NA,0.3325,0.0053,234,0.3147,0.4479,0,0.5676,0,Bayes-M8-full,20/07/2026,2
Kinshasa,Kinshasa,2,FALSE,0.0023,0,0.0131,0.0023,0.1335,199,0.0043,NA,NA,NA,NA,NA,NA,0.0203,3e-4,459,0.0135,0.0463,0,0.0212,0,Bayes-M8-full,20/07/2026,2
Kalenda,Lomami,2,FALSE,0.0023,9e-4,0.0044,0.0023,0.1335,200,0.0043,NA,NA,NA,NA,NA,NA,0.2886,0.0046,258,0.388,0.1873,0,0.5792,0,Bayes-M8-full,20/07/2026,2
Kabongo,Haut-Lomami,2,FALSE,0.0022,7e-4,0.0045,0.0022,0.1282,209,0.0041,NA,NA,NA,NA,NA,NA,0.5372,0.0082,157,0.8108,0.778,0,0.5598,0,Bayes-M8-full,20/07/2026,2
Bunkonde,Kasaï-Central,2,FALSE,0.0022,8e-4,0.0044,0.0022,0.1296,206,0.0042,NA,NA,NA,NA,NA,NA,0.3523,0.0054,229,0.4015,0.278,0,0.7297,0,Bayes-M8-full,20/07/2026,2
Katende,Kasaï-Central,2,FALSE,0.0022,9e-4,0.0043,0.0022,0.1296,207,0.0042,NA,NA,NA,NA,NA,NA,0.5154,0.0079,160,0.6525,0.6486,0,0.7606,0,Bayes-M8-full,20/07/2026,2
Tshikula,Kasaï-Central,2,FALSE,0.0022,9e-4,0.0043,0.0022,0.13,205,0.0042,NA,NA,NA,NA,NA,NA,0.3296,0.0051,242,0.3919,0.3185,0,0.6081,0,Bayes-M8-full,20/07/2026,2
Cilundu,Kasaï-Oriental,2,FALSE,0.0022,8e-4,0.0043,0.0022,0.1304,203,0.0042,NA,NA,NA,NA,NA,NA,0.221,0.0034,309,0.2317,0.3089,0,0.3436,0,Bayes-M8-full,20/07/2026,2
Mpokolo,Kasaï-Oriental,2,FALSE,0.0022,8e-4,0.0042,0.0022,0.1265,211,0.0041,NA,NA,NA,NA,NA,NA,0.2901,0.0044,266,0.1255,0.6873,0,0.3475,0,Bayes-M8-full,20/07/2026,2
Maluku 2,Kinshasa,2,FALSE,0.0022,7e-4,0.0048,0.0022,0.1306,202,0.0042,NA,NA,NA,NA,NA,NA,0.4184,0.0065,192,0.6834,0.5463,0,0.444,0,Bayes-M8-full,20/07/2026,2
Wikong,Lomami,2,FALSE,0.0022,8e-4,0.0042,0.0022,0.127,210,0.0041,NA,NA,NA,NA,NA,NA,0.3663,0.0055,227,0.2529,0.4228,0,0.7896,0,Bayes-M8-full,20/07/2026,2
Bumba,Mongala,2,FALSE,0.0022,7e-4,0.0046,0.0022,0.1309,201,0.0042,NA,NA,NA,NA,NA,NA,0.2384,0.0037,296,0.1409,0.4537,0,0.3591,0,Bayes-M8-full,20/07/2026,2
Ototo,Sankuru,2,FALSE,0.0022,8e-4,0.0043,0.0022,0.1301,204,0.0042,NA,NA,NA,NA,NA,NA,0.4561,0.0071,182,0.5386,0.3629,0,0.9228,0,Bayes-M8-full,20/07/2026,2
Befale,Tshuapa,2,FALSE,0.0022,8e-4,0.0043,0.0022,0.1261,212,0.0041,NA,NA,NA,NA,NA,NA,0.5145,0.0077,167,0.8822,0.4903,0,0.6853,0,Bayes-M8-full,20/07/2026,2
Bokungu,Tshuapa,2,FALSE,0.0022,8e-4,0.0045,0.0022,0.1291,208,0.0042,NA,NA,NA,NA,NA,NA,0.49370000000000003,0.0076,171,0.695,0.3571,0,0.9228,0,Bayes-M8-full,20/07/2026,2
Kananga,Kasaï-Central,2,FALSE,0.0021,7e-4,0.0044,0.0021,0.1215,218,0.0039,NA,NA,NA,NA,NA,NA,0.2963,0.0043,272,0.1429,0.5579,0,0.4846,0,Bayes-M8-full,20/07/2026,2
Lubondaie,Kasaï-Central,2,FALSE,0.0021,8e-4,0.0042,0.0021,0.1252,213,0.004,NA,NA,NA,NA,NA,NA,0.3147,0.0047,256,0.3822,0.1583,0,0.7181,0,Bayes-M8-full,20/07/2026,2
Ndekesha,Kasaï-Central,2,FALSE,0.0021,8e-4,0.0041,0.0021,0.1216,217,0.0039,NA,NA,NA,NA,NA,NA,0.4059,0.0059,215,0.4768,0.4498,0,0.6969,0,Bayes-M8-full,20/07/2026,2
Miabi,Kasaï-Oriental,2,FALSE,0.0021,7e-4,0.0043,0.0021,0.1248,214,0.004,NA,NA,NA,NA,NA,NA,0.2838,0.0042,275,0.2297,0.6525,0,0.2529,0,Bayes-M8-full,20/07/2026,2
Kalamu 1,Kinshasa,2,FALSE,0.0021,0,0.011,0.0021,0.1235,215,0.0039,NA,NA,NA,NA,NA,NA,0.0309,5e-4,453,0.0193,0.0734,0,0.0309,0,Bayes-M8-full,20/07/2026,2
Abuzi,Nord-Ubangi,2,FALSE,0.0021,7e-4,0.0041,0.0021,0.1209,220,0.0039,NA,NA,NA,NA,NA,NA,0.7153,0.0103,144,0.9846,0.9054,0,0.971,0,Bayes-M8-full,20/07/2026,2
Bena Dibele,Sankuru,2,FALSE,0.0021,8e-4,0.0041,0.0021,0.1217,216,0.0039,NA,NA,NA,NA,NA,NA,0.4093,0.0059,212,0.6216,0.1564,0,0.8591,0,Bayes-M8-full,20/07/2026,2
Ankoro,Tanganyika,2,FALSE,0.0021,8e-4,0.004,0.0021,0.121,219,0.0039,NA,NA,NA,NA,NA,NA,0.6047,0.0087,154,0.9266,0.8282,0,0.6641,0,Bayes-M8-full,20/07/2026,2
Songa,Haut-Lomami,2,FALSE,0.002,7e-4,0.0038,0.002,0.1151,228,0.0037,NA,NA,NA,NA,NA,NA,0.473,0.0065,195,0.9344,0.3533,0,0.6042,0,Bayes-M8-full,20/07/2026,2
Bilomba,Kasaï-Central,2,FALSE,0.002,8e-4,0.0039,0.002,0.1184,224,0.0038,NA,NA,NA,NA,NA,NA,0.4006,0.0056,224,0.3378,0.4421,0,0.8224,0,Bayes-M8-full,20/07/2026,2
Lukonga,Kasaï-Central,2,FALSE,0.002,7e-4,0.0038,0.002,0.1148,229,0.0037,NA,NA,NA,NA,NA,NA,0.3282,0.0045,261,0.2239,0.6429,0,0.4459,0,Bayes-M8-full,20/07/2026,2
Mikalayi,Kasaï-Central,2,FALSE,0.002,7e-4,0.0041,0.002,0.1192,221,0.0038,NA,NA,NA,NA,NA,NA,0.3948,0.0056,225,0.4517,0.5811,0,0.5463,0,Bayes-M8-full,20/07/2026,2
Mutoto,Kasaï-Central,2,FALSE,0.002,7e-4,0.004,0.002,0.117,225,0.0038,NA,NA,NA,NA,NA,NA,0.3441,0.0048,251,0.4575,0.361,0,0.5579,0,Bayes-M8-full,20/07/2026,2
Tshikaji,Kasaï-Central,2,FALSE,0.002,8e-4,0.004,0.002,0.119,222,0.0038,NA,NA,NA,NA,NA,NA,0.3195,0.0045,260,0.1873,0.5849,0,0.5058,0,Bayes-M8-full,20/07/2026,2
Yangala,Kasaï-Central,2,FALSE,0.002,8e-4,0.0039,0.002,0.1167,226,0.0038,NA,NA,NA,NA,NA,NA,0.348,0.0048,249,0.5927,0.2259,0,0.5734,0,Bayes-M8-full,20/07/2026,2
Makota,Lomami,2,FALSE,0.002,7e-4,0.0039,0.002,0.1151,227,0.0037,NA,NA,NA,NA,NA,NA,0.2587,0.0035,304,0.1023,0.3764,0,0.556,0,Bayes-M8-full,20/07/2026,2
Kalamba,Lualaba,2,FALSE,0.002,7e-4,0.0039,0.002,0.1146,231,0.0037,NA,NA,NA,NA,NA,NA,0.4542,0.0062,204,0.8803,0.2375,0,0.6988,0,Bayes-M8-full,20/07/2026,2
Pimu,Mongala,2,FALSE,0.002,7e-4,0.004,0.002,0.1145,232,0.0037,NA,NA,NA,NA,NA,NA,0.4257,0.0058,220,0.583,0.3707,0,0.749,0,Bayes-M8-full,20/07/2026,2
Tshudi Loto,Sankuru,2,FALSE,0.002,6e-4,0.0041,0.002,0.1146,230,0.0037,NA,NA,NA,NA,NA,NA,0.4237,0.0058,222,0.7683,0.0039,0,0.9228,0,Bayes-M8-full,20/07/2026,2
Busanga,Tshuapa,2,FALSE,0.002,7e-4,0.0041,0.002,0.1186,223,0.0038,NA,NA,NA,NA,NA,NA,0.4452,0.0063,200,0.6602,0.168,0,0.9527,0,Bayes-M8-full,20/07/2026,2
Monieka,Equateur,2,FALSE,0.0019,6e-4,0.0041,0.0019,0.1103,241,0.0035,NA,NA,NA,NA,NA,NA,0.596,0.0078,164,0.9768,0.7336,0,0.6737,0,Bayes-M8-full,20/07/2026,2
Mitwaba,Haut-Katanga,2,FALSE,0.0019,7e-4,0.0039,0.0019,0.1131,235,0.0036,NA,NA,NA,NA,NA,NA,0.3528,0.0047,252,0.8012,0.0618,0,0.5483,0,Bayes-M8-full,20/07/2026,2
Malemba Nkulu,Haut-Lomami,2,FALSE,0.0019,6e-4,0.0038,0.0019,0.1081,245,0.0035,NA,NA,NA,NA,NA,NA,0.3895,0.005,244,0.36870000000000003,0.7664,0,0.4228,0,Bayes-M8-full,20/07/2026,2
Mukanga,Haut-Lomami,2,FALSE,0.0019,7e-4,0.0037,0.0019,0.1106,240,0.0036,NA,NA,NA,NA,NA,NA,0.4739,0.0062,201,0.6853,0.6911,0,0.5193,0,Bayes-M8-full,20/07/2026,2
Mulongo,Haut-Lomami,2,FALSE,0.0019,7e-4,0.0038,0.0019,0.1131,237,0.0036,NA,NA,NA,NA,NA,NA,0.4773,0.0064,196,0.7471,0.7703,0,0.3919,0,Bayes-M8-full,20/07/2026,2
Baka,Haut-Lomami,2,FALSE,0.0019,5e-4,0.0045,0.0019,0.1117,239,0.0036,NA,NA,NA,NA,NA,NA,0.4319,0.0057,223,0.4344,0.8919,0,0.4015,0,Bayes-M8-full,20/07/2026,2
Luebo,Kasaï,2,FALSE,0.0019,7e-4,0.004,0.0019,0.1134,234,0.0036,NA,NA,NA,NA,NA,NA,0.4353,0.0059,214,0.5232,0.5116,0,0.7066,0,Bayes-M8-full,20/07/2026,2
Bena Leka,Kasaï-Central,2,FALSE,0.0019,6e-4,0.0039,0.0019,0.1095,242,0.0035,NA,NA,NA,NA,NA,NA,0.4986,0.0065,193,0.6062,0.7162,0,0.6718,0,Bayes-M8-full,20/07/2026,2
Bena Tshadi,Kasaï-Central,2,FALSE,0.0019,7e-4,0.0038,0.0019,0.1093,244,0.0035,NA,NA,NA,NA,NA,NA,0.472,0.0061,207,0.6699,0.3784,0,0.8398,0,Bayes-M8-full,20/07/2026,2
Demba,Kasaï-Central,2,FALSE,0.0019,6e-4,0.0038,0.0019,0.1095,243,0.0035,NA,NA,NA,NA,NA,NA,0.4117,0.0054,232,0.4653,0.7143,0,0.4672,0,Bayes-M8-full,20/07/2026,2
Muetshi,Kasaï-Central,2,FALSE,0.0019,7e-4,0.0038,0.0019,0.1137,233,0.0037,NA,NA,NA,NA,NA,NA,0.4792,0.0065,194,0.6158,0.5386,0,0.7625,0,Bayes-M8-full,20/07/2026,2
Ndesha,Kasaï-Central,2,FALSE,0.0019,7e-4,0.0039,0.0019,0.1128,238,0.0036,NA,NA,NA,NA,NA,NA,0.2317,0.0031,328,0.1448,0.3456,0,0.4363,0,Bayes-M8-full,20/07/2026,2
Lusambo,Sankuru,2,FALSE,0.0019,7e-4,0.0038,0.0019,0.1131,236,0.0036,NA,NA,NA,NA,NA,NA,0.4833,0.0065,191,0.6815,0.2992,0,0.9527,0,Bayes-M8-full,20/07/2026,2
Mbandaka,Equateur,2,FALSE,0.0018,5e-4,0.004,0.0018,0.1042,254,0.0034,NA,NA,NA,NA,NA,NA,0.5164,0.0064,198,0.6409,0.9633,0,0.4614,0,Bayes-M8-full,20/07/2026,2
Kipushi,Haut-Katanga,2,FALSE,0.0018,3e-4,0.0049,0.0018,0.1055,252,0.0034,NA,NA,NA,NA,NA,NA,0.1216,0.0015,405,0.2703,0.1081,0,0.1081,0,Bayes-M8-full,20/07/2026,2
Pweto,Haut-Katanga,2,FALSE,0.0018,6e-4,0.0038,0.0018,0.1066,250,0.0034,NA,NA,NA,NA,NA,NA,0.3518,0.0045,262,0.7992,0.2587,0,0.3494,0,Bayes-M8-full,20/07/2026,2
Kinkondja,Haut-Lomami,2,FALSE,0.0018,7e-4,0.0036,0.0018,0.107,248,0.0034,NA,NA,NA,NA,NA,NA,0.4889,0.0062,203,0.7278,0.6274,0,0.6004,0,Bayes-M8-full,20/07/2026,2
Lwamba,Haut-Lomami,2,FALSE,0.0018,6e-4,0.0034,0.0018,0.1041,256,0.0033,NA,NA,NA,NA,NA,NA,0.4865,0.006,210,0.8069,0.6409,0,0.4981,0,Bayes-M8-full,20/07/2026,2
Kamina,Haut-Lomami,2,FALSE,0.0018,5e-4,0.0037,0.0018,0.1033,257,0.0033,NA,NA,NA,NA,NA,NA,0.5164,0.0063,199,0.8301,0.8301,0,0.4054,0,Bayes-M8-full,20/07/2026,2
Kinda,Haut-Lomami,2,FALSE,0.0018,6e-4,0.004,0.0019,0.108,247,0.0035,NA,NA,NA,NA,NA,NA,0.5077,0.0065,190,0.9884,0.4266,0,0.6158,0,Bayes-M8-full,20/07/2026,2
Mweka,Kasaï,2,FALSE,0.0018,6e-4,0.0037,0.0018,0.1029,260,0.0033,NA,NA,NA,NA,NA,NA,0.5053,0.0062,205,0.4788,0.7239,0,0.8185,0,Bayes-M8-full,20/07/2026,2
Luiza,Kasaï-Central,2,FALSE,0.0018,6e-4,0.0038,0.0018,0.1068,249,0.0034,NA,NA,NA,NA,NA,NA,0.4218,0.0054,233,0.4807,0.6293,0,0.5772,0,Bayes-M8-full,20/07/2026,2
Masuika,Kasaï-Central,2,FALSE,0.0018,6e-4,0.0037,0.0018,0.1043,253,0.0034,NA,NA,NA,NA,NA,NA,0.3885,0.0048,250,0.3263,0.5618,0,0.666,0,Bayes-M8-full,20/07/2026,2
Tshibala,Kasaï-Central,2,FALSE,0.0018,6e-4,0.0035,0.0018,0.1032,258,0.0033,NA,NA,NA,NA,NA,NA,0.4218,0.0052,239,0.4266,0.5772,0,0.6834,0,Bayes-M8-full,20/07/2026,2
Nzaba,Kasaï-Oriental,2,FALSE,0.0018,6e-4,0.0036,0.0018,0.1057,251,0.0034,NA,NA,NA,NA,NA,NA,0.278,0.0035,305,0.1042,0.6931,0,0.3147,0,Bayes-M8-full,20/07/2026,2
Boso Manzi,Mongala,2,FALSE,0.0018,6e-4,0.0037,0.0019,0.108,246,0.0035,NA,NA,NA,NA,NA,NA,0.3982,0.0051,240,0.5695,0.2278,0,0.7954,0,Bayes-M8-full,20/07/2026,2
Mobayi Mbongo,Nord-Ubangi,2,FALSE,0.0018,6e-4,0.0036,0.0018,0.1031,259,0.0033,NA,NA,NA,NA,NA,NA,0.5458,0.0067,189,0.9324,0.8166,0,0.4344,0,Bayes-M8-full,20/07/2026,2
Moba,Tanganyika,2,FALSE,0.0018,5e-4,0.0039,0.0018,0.1042,255,0.0034,NA,NA,NA,NA,NA,NA,0.3808,0.0047,254,0.6178,0.4942,0,0.4112,0,Bayes-M8-full,20/07/2026,2
Djombo,Equateur,2,FALSE,0.0017,5e-4,0.0035,0.0017,0.0971,267,0.0031,NA,NA,NA,NA,NA,NA,0.6554,0.0076,172,0.917,0.7819,0,0.9228,0,Bayes-M8-full,20/07/2026,2
Kabondo Dianda,Haut-Lomami,2,FALSE,0.0017,6e-4,0.0033,0.0017,0.0964,269,0.0031,NA,NA,NA,NA,NA,NA,0.4107,0.0047,255,0.5888,0.5714,0,0.4826,0,Bayes-M8-full,20/07/2026,2
Kakenge,Kasaï,2,FALSE,0.0017,6e-4,0.0034,0.0017,0.1003,264,0.0032,NA,NA,NA,NA,NA,NA,0.4522,0.0054,231,0.5753,0.4788,0,0.7548,0,Bayes-M8-full,20/07/2026,2
Katoka,Kasaï-Central,2,FALSE,0.0017,6e-4,0.0034,0.0017,0.101,263,0.0032,NA,NA,NA,NA,NA,NA,0.2645,0.0032,323,0.1216,0.473,0,0.4633,0,Bayes-M8-full,20/07/2026,2
Kalomba,Kasaï-Central,2,FALSE,0.0017,6e-4,0.0033,0.0017,0.0975,266,0.0031,NA,NA,NA,NA,NA,NA,0.2944,0.0034,310,0.3166,0.1467,0,0.7143,0,Bayes-M8-full,20/07/2026,2
Bonzola,Kasaï-Oriental,2,FALSE,0.0017,5e-4,0.0036,0.0017,0.1014,262,0.0033,NA,NA,NA,NA,NA,NA,0.2958,0.0036,302,0.0927,0.7934,0,0.2973,0,Bayes-M8-full,20/07/2026,2
Kole,Sankuru,2,FALSE,0.0017,6e-4,0.0035,0.0017,0.1014,261,0.0033,NA,NA,NA,NA,NA,NA,0.4802,0.0058,221,0.7761,0.2606,0,0.8842,0,Bayes-M8-full,20/07/2026,2
Boende,Tshuapa,2,FALSE,0.0017,5e-4,0.0037,0.0017,0.0992,265,0.0032,NA,NA,NA,NA,NA,NA,0.4199,0.005,246,0.6988,0.4807,0,0.5,0,Bayes-M8-full,20/07/2026,2
Mufunga Sampwe,Haut-Katanga,2,FALSE,0.0016,6e-4,0.0032,0.0016,0.0961,270,0.0031,NA,NA,NA,NA,NA,NA,0.3774,0.0043,269,0.8185,0.0888,0,0.6023,0,Bayes-M8-full,20/07/2026,2
Bukama,Haut-Lomami,2,FALSE,0.0016,5e-4,0.0033,0.0016,0.0942,273,0.003,NA,NA,NA,NA,NA,NA,0.4764,0.0053,235,0.7143,0.7625,0,0.4286,0,Bayes-M8-full,20/07/2026,2
Mushenge,Kasaï,2,FALSE,0.0016,6e-4,0.0031,0.0016,0.0928,275,0.003,NA,NA,NA,NA,NA,NA,0.3229,0.0036,303,0.5946,0.0656,0,0.6313,0,Bayes-M8-full,20/07/2026,2
Ndjoko Mpunda,Kasaï,2,FALSE,0.0016,6e-4,0.0032,0.0016,0.0953,272,0.0031,NA,NA,NA,NA,NA,NA,0.333,0.0038,290,0.3977,0.2915,0,0.6429,0,Bayes-M8-full,20/07/2026,2
Kamwesha,Kasaï,2,FALSE,0.0016,5e-4,0.0033,0.0016,0.091,279,0.0029,NA,NA,NA,NA,NA,NA,0.2732,0.003,341,0.3456,0.2876,0,0.4595,0,Bayes-M8-full,20/07/2026,2
Limete,Kinshasa,2,FALSE,0.0016,0,0.0064,0.0016,0.0922,276,0.003,NA,NA,NA,NA,NA,NA,0.056,6e-4,449,0.0405,0.1371,0,0.0463,0,Bayes-M8-full,20/07/2026,2
Bandalungwa,Kinshasa,2,FALSE,0.0016,0,0.0067,0.0016,0.093,274,0.003,NA,NA,NA,NA,NA,NA,0.0709,8e-4,445,0.0328,0.2336,0,0.0174,0,Bayes-M8-full,20/07/2026,2
Kintambo,Kinshasa,2,FALSE,0.0016,0,0.008,0.0017,0.0966,268,0.0031,NA,NA,NA,NA,NA,NA,0.0338,4e-4,456,0.0212,0.1004,0,0.0135,0,Bayes-M8-full,20/07/2026,2
Kafakumba,Lualaba,2,FALSE,0.0016,5e-4,0.0031,0.0016,0.0912,277,0.0029,NA,NA,NA,NA,NA,NA,0.4648,0.005,243,0.8687,0.2027,0,0.7876,0,Bayes-M8-full,20/07/2026,2
Binga,Mongala,2,FALSE,0.0016,5e-4,0.0034,0.0016,0.0959,271,0.0031,NA,NA,NA,NA,NA,NA,0.3306,0.0038,291,0.4749,0.249,0,0.5985,0,Bayes-M8-full,20/07/2026,2
Loko,Nord-Ubangi,2,FALSE,0.0016,5e-4,0.0032,0.0016,0.0911,278,0.0029,NA,NA,NA,NA,NA,NA,0.6535,0.0071,181,0.9402,0.9266,0,0.7471,0,Bayes-M8-full,20/07/2026,2
Basankusu,Equateur,2,FALSE,0.0015,5e-4,0.0032,0.0015,0.0877,291,0.0028,NA,NA,NA,NA,NA,NA,0.6844,0.0071,177,0.9517,0.8629,0,0.9228,0,Bayes-M8-full,20/07/2026,2
Lotumbe,Equateur,2,FALSE,0.0015,5e-4,0.0032,0.0015,0.0877,292,0.0028,NA,NA,NA,NA,NA,NA,0.5816,0.0061,209,0.9691,0.7085,0,0.6486,0,Bayes-M8-full,20/07/2026,2
Nyanga,Kasaï,2,FALSE,0.0015,5e-4,0.003,0.0015,0.0883,288,0.0028,NA,NA,NA,NA,NA,NA,0.348,0.0037,299,0.4402,0.3803,0,0.5714,0,Bayes-M8-full,20/07/2026,2
Kikimi,Kinshasa,2,FALSE,0.0015,1e-4,0.0052,0.0015,0.089,285,0.0029,NA,NA,NA,NA,NA,NA,0.0835,9e-4,438,0.056,0.1911,0,0.0869,0,Bayes-M8-full,20/07/2026,2
Binza Meteo,Kinshasa,2,FALSE,0.0015,1e-4,0.0051,0.0015,0.0891,284,0.0029,NA,NA,NA,NA,NA,NA,0.2558,0.0027,351,0.0965,0.8996,0,0.027,0,Bayes-M8-full,20/07/2026,2
Lubudi,Lualaba,2,FALSE,0.0015,5e-4,0.0031,0.0015,0.0878,290,0.0028,NA,NA,NA,NA,NA,NA,0.4667,0.0049,247,0.9151,0.4614,0,0.4903,0,Bayes-M8-full,20/07/2026,2
Boso Mondanda,Mongala,2,FALSE,0.0015,5e-4,0.0032,0.0015,0.0901,281,0.0029,NA,NA,NA,NA,NA,NA,0.3716,0.004,279,0.5869,0.1486,0,0.751,0,Bayes-M8-full,20/07/2026,2
Bosobolo,Nord-Ubangi,2,FALSE,0.0015,5e-4,0.0032,0.0015,0.0895,283,0.0029,NA,NA,NA,NA,NA,NA,0.7148,0.0076,170,0.9363,0.9459,0,0.9768,0,Bayes-M8-full,20/07/2026,2
Businga,Nord-Ubangi,2,FALSE,0.0015,5e-4,0.0032,0.0015,0.0898,282,0.0029,NA,NA,NA,NA,NA,NA,0.6781,0.0072,175,0.9286,0.861,0,0.9228,0,Bayes-M8-full,20/07/2026,2
Karawa,Nord-Ubangi,2,FALSE,0.0015,5e-4,0.0033,0.0015,0.0887,286,0.0029,NA,NA,NA,NA,NA,NA,0.6404,0.0068,187,0.7568,0.973,0,0.832,0,Bayes-M8-full,20/07/2026,2
Bominenge,Sud-Ubangi,2,FALSE,0.0015,5e-4,0.003,0.0015,0.0852,293,0.0027,NA,NA,NA,NA,NA,NA,0.3258,0.0033,318,0.2819,0.0985,0,0.9228,0,Bayes-M8-full,20/07/2026,2
Bulu,Sud-Ubangi,2,FALSE,0.0015,5e-4,0.0031,0.0015,0.088,289,0.0028,NA,NA,NA,NA,NA,NA,0.3147,0.0033,320,0.3649,0.1988,0,0.695,0,Bayes-M8-full,20/07/2026,2
Mbaya,Sud-Ubangi,2,FALSE,0.0015,5e-4,0.0032,0.0015,0.0886,287,0.0028,NA,NA,NA,NA,NA,NA,0.3142,0.0033,316,0.3514,0.2239,0,0.6815,0,Bayes-M8-full,20/07/2026,2
Ndage,Sud-Ubangi,2,FALSE,0.0015,5e-4,0.0032,0.0015,0.0903,280,0.0029,NA,NA,NA,NA,NA,NA,0.3533,0.0038,288,0.3996,0.2761,0,0.7375,0,Bayes-M8-full,20/07/2026,2
Bolomba,Equateur,2,FALSE,0.0014,4e-4,0.0029,0.0014,0.0796,309,0.0026,NA,NA,NA,NA,NA,NA,0.6163,0.0058,216,0.9575,0.8533,0,0.6544,0,Bayes-M8-full,20/07/2026,2
Ingende,Equateur,2,FALSE,0.0014,5e-4,0.0029,0.0014,0.0821,302,0.0026,NA,NA,NA,NA,NA,NA,0.596,0.0058,217,0.9208,0.8571,0,0.6062,0,Bayes-M8-full,20/07/2026,2
Lubumbashi,Haut-Katanga,2,FALSE,0.0014,2e-4,0.0036,0.0014,0.0804,305,0.0026,NA,NA,NA,NA,NA,NA,0.1105,0.0011,428,0.1081,0.2104,0,0.1236,0,Bayes-M8-full,20/07/2026,2
Bulape,Kasaï,2,FALSE,0.0014,5e-4,0.0029,0.0014,0.0839,297,0.0027,NA,NA,NA,NA,NA,NA,0.4315,0.0043,270,0.7066,0.1853,0,0.834,0,Bayes-M8-full,20/07/2026,2
Mutena,Kasaï,2,FALSE,0.0014,5e-4,0.0028,0.0014,0.0823,300,0.0026,NA,NA,NA,NA,NA,NA,0.2336,0.0023,362,0.334,0.0753,0,0.5251,0,Bayes-M8-full,20/07/2026,2
Luambo,Kasaï-Central,2,FALSE,0.0014,5e-4,0.003,0.0014,0.0838,298,0.0027,NA,NA,NA,NA,NA,NA,0.3769,0.0038,293,0.5347,0.5656,0,0.4073,0,Bayes-M8-full,20/07/2026,2
Lukelenge,Kasaï-Oriental,2,FALSE,0.0014,4e-4,0.0031,0.0014,0.0831,299,0.0027,NA,NA,NA,NA,NA,NA,0.2249,0.0022,364,0.0811,0.5,0,0.3185,0,Bayes-M8-full,20/07/2026,2
Mont Ngafula 1,Kinshasa,2,FALSE,0.0014,1e-4,0.0048,0.0014,0.0843,296,0.0027,NA,NA,NA,NA,NA,NA,0.2066,0.0021,379,0.1371,0.6313,0,0.0579,0,Bayes-M8-full,20/07/2026,2
Mukedi,Kwilu,2,FALSE,0.0014,4e-4,0.003,0.0014,0.0823,301,0.0026,NA,NA,NA,NA,NA,NA,0.4836,0.0047,253,0.5367,0.7066,0,0.6911,0,Bayes-M8-full,20/07/2026,2
Kapanga,Lualaba,2,FALSE,0.0014,5e-4,0.0028,0.0014,0.0797,307,0.0026,NA,NA,NA,NA,NA,NA,0.4112,0.0039,284,0.8514,0.3938,0,0.3996,0,Bayes-M8-full,20/07/2026,2
Mutshatsha,Lualaba,2,FALSE,0.0014,3e-4,0.0035,0.0014,0.0797,308,0.0026,NA,NA,NA,NA,NA,NA,0.3808,0.0036,300,0.971,0.1023,0,0.4498,0,Bayes-M8-full,20/07/2026,2
Bili (Nord-Ubangi),Nord-Ubangi,2,FALSE,0.0014,5e-4,0.003,0.0014,0.0844,294,0.0027,NA,NA,NA,NA,NA,NA,0.7075,0.0071,180,0.9247,0.9189,0,0.9865,0,Bayes-M8-full,20/07/2026,2
Gbadolite,Nord-Ubangi,2,FALSE,0.0014,4e-4,0.0031,0.0014,0.0844,295,0.0027,NA,NA,NA,NA,NA,NA,0.5183,0.0052,238,0.7915,0.9653,0,0.3166,0,Bayes-M8-full,20/07/2026,2
Bogosenubea,Sud-Ubangi,2,FALSE,0.0014,4e-4,0.0029,0.0014,0.0794,310,0.0026,NA,NA,NA,NA,NA,NA,0.4107,0.0039,286,0.4981,0.3031,0,0.8417,0,Bayes-M8-full,20/07/2026,2
Budjala,Sud-Ubangi,2,FALSE,0.0014,4e-4,0.0029,0.0014,0.0807,304,0.0026,NA,NA,NA,NA,NA,NA,0.43,0.0041,277,0.5154,0.4035,0,0.8012,0,Bayes-M8-full,20/07/2026,2
Gemena,Sud-Ubangi,2,FALSE,0.0014,3e-4,0.0032,0.0014,0.0801,306,0.0026,NA,NA,NA,NA,NA,NA,0.3277,0.0031,326,0.1776,0.2741,0,0.8591,0,Bayes-M8-full,20/07/2026,2
Wema,Tshuapa,2,FALSE,0.0014,4e-4,0.0029,0.0014,0.0812,303,0.0026,NA,NA,NA,NA,NA,NA,0.4469,0.0043,268,0.8494,0.1332,0,0.805,0,Bayes-M8-full,20/07/2026,2
Iboko,Equateur,2,FALSE,0.0013,4e-4,0.0027,0.0013,0.0751,325,0.0024,NA,NA,NA,NA,NA,NA,0.612,0.0055,228,0.8282,0.7915,0,0.8282,0,Bayes-M8-full,20/07/2026,2
Makanza,Equateur,2,FALSE,0.0013,4e-4,0.0027,0.0013,0.0765,319,0.0025,NA,NA,NA,NA,NA,NA,0.639,0.0058,218,0.9537,0.7954,0,0.8069,0,Bayes-M8-full,20/07/2026,2
Butumba,Haut-Lomami,2,FALSE,0.0013,4e-4,0.0027,0.0013,0.0776,313,0.0025,NA,NA,NA,NA,NA,NA,0.4595,0.0042,273,0.7973,0.4151,0,0.6255,0,Bayes-M8-full,20/07/2026,2
Dekese,Kasaï,2,FALSE,0.0013,4e-4,0.0026,0.0013,0.0744,328,0.0024,NA,NA,NA,NA,NA,NA,0.4633,0.0041,278,0.9189,0.2181,0,0.7162,0,Bayes-M8-full,20/07/2026,2
Ilebo,Kasaï,2,FALSE,0.0013,4e-4,0.0027,0.0013,0.0773,315,0.0025,NA,NA,NA,NA,NA,NA,0.3142,0.0029,343,0.2162,0.6139,0,0.4266,0,Bayes-M8-full,20/07/2026,2
Banga Lubaka,Kasaï,2,FALSE,0.0013,4e-4,0.0027,0.0013,0.0768,316,0.0025,NA,NA,NA,NA,NA,NA,0.3205,0.0029,342,0.5174,0.0444,0,0.7201,0,Bayes-M8-full,20/07/2026,2
Kalonda Ouest,Kasaï,2,FALSE,0.0013,4e-4,0.0029,0.0013,0.0787,311,0.0025,NA,NA,NA,NA,NA,NA,0.2239,0.0021,376,0.2915,0.251,0,0.3533,0,Bayes-M8-full,20/07/2026,2
Kanzala,Kasaï,2,FALSE,0.0013,4e-4,0.0027,0.0013,0.0758,322,0.0024,NA,NA,NA,NA,NA,NA,0.2046,0.0018,388,0.168,0.3127,0,0.3378,0,Bayes-M8-full,20/07/2026,2
Kitangwa,Kasaï,2,FALSE,0.0013,4e-4,0.0026,0.0013,0.0734,330,0.0024,NA,NA,NA,NA,NA,NA,0.3287,0.0029,346,0.6332,0.1062,0,0.5753,0,Bayes-M8-full,20/07/2026,2
Tshikapa,Kasaï,2,FALSE,0.0013,3e-4,0.0029,0.0013,0.0765,318,0.0025,NA,NA,NA,NA,NA,NA,0.3156,0.0029,345,0.2722,0.6506,0,0.3398,0,Bayes-M8-full,20/07/2026,2
Muya,Kasaï-Oriental,2,FALSE,0.0013,3e-4,0.003,0.0013,0.0748,327,0.0024,NA,NA,NA,NA,NA,NA,0.2495,0.0022,365,0.0753,0.5888,0,0.334,0,Bayes-M8-full,20/07/2026,2
Masina 1,Kinshasa,2,FALSE,0.0013,0,0.0076,0.0013,0.076,321,0.0024,NA,NA,NA,NA,NA,NA,0.0193,2e-4,467,0.0077,0.0077,0,0.0618,0,Bayes-M8-full,20/07/2026,2
Barumbu,Kinshasa,2,FALSE,0.0013,0,0.0077,0.0013,0.0781,312,0.0025,NA,NA,NA,NA,NA,NA,0.014,1e-4,470,0.0097,0.0232,0,0.0232,0,Bayes-M8-full,20/07/2026,2
Binza Ozone,Kinshasa,2,FALSE,0.0013,1e-4,0.0047,0.0013,0.0774,314,0.0025,NA,NA,NA,NA,NA,NA,0.152,0.0014,414,0.0734,0.5232,0,0.0116,0,Bayes-M8-full,20/07/2026,2
Mont Ngafula 2,Kinshasa,2,FALSE,0.0013,1e-4,0.0041,0.0013,0.0731,331,0.0024,NA,NA,NA,NA,NA,NA,0.0951,8e-4,442,0.0849,0.2568,0,0.0386,0,Bayes-M8-full,20/07/2026,2
Idiofa,Kwilu,2,FALSE,0.0013,3e-4,0.003,0.0013,0.0741,329,0.0024,NA,NA,NA,NA,NA,NA,0.486,0.0043,271,0.4537,0.749,0,0.7413,0,Bayes-M8-full,20/07/2026,2
Koshibanda,Kwilu,2,FALSE,0.0013,4e-4,0.0028,0.0013,0.0752,323,0.0024,NA,NA,NA,NA,NA,NA,0.4913,0.0044,264,0.5193,0.6757,0,0.7703,0,Bayes-M8-full,20/07/2026,2
Bunkeya,Lualaba,2,FALSE,0.0013,3e-4,0.003,0.0013,0.075,326,0.0024,NA,NA,NA,NA,NA,NA,0.4218,0.0038,292,0.8243,0.5019,0,0.361,0,Bayes-M8-full,20/07/2026,2
Bwamanda,Sud-Ubangi,2,FALSE,0.0013,4e-4,0.0029,0.0013,0.0752,324,0.0024,NA,NA,NA,NA,NA,NA,0.4667,0.0042,276,0.4189,0.7394,0,0.7085,0,Bayes-M8-full,20/07/2026,2
Tandala,Sud-Ubangi,2,FALSE,0.0013,4e-4,0.0029,0.0013,0.0762,320,0.0025,NA,NA,NA,NA,NA,NA,0.4078,0.0037,297,0.2741,0.527,0,0.8301,0,Bayes-M8-full,20/07/2026,2
Monkoto,Tshuapa,2,FALSE,0.0013,4e-4,0.0028,0.0013,0.0767,317,0.0025,NA,NA,NA,NA,NA,NA,0.5598,0.0051,241,0.9498,0.4054,0,0.8842,0,Bayes-M8-full,20/07/2026,2
Kilwa,Haut-Katanga,2,FALSE,0.0012,4e-4,0.0025,0.0012,0.069,338,0.0022,NA,NA,NA,NA,NA,NA,0.3764,0.0031,331,0.749,0.39,0,0.3668,0,Bayes-M8-full,20/07/2026,2
Matete,Kinshasa,2,FALSE,0.0012,0,0.006,0.0012,0.0723,333,0.0023,NA,NA,NA,NA,NA,NA,0.0492,4e-4,455,0.0251,0.1158,0,0.056,0,Bayes-M8-full,20/07/2026,2
Ngiri Ngiri,Kinshasa,2,FALSE,0.0012,0,0.0069,0.0012,0.072,334,0.0023,NA,NA,NA,NA,NA,NA,0.028,2e-4,463,0.0154,0.0676,0,0.029,0,Bayes-M8-full,20/07/2026,2
Masina 2,Kinshasa,2,FALSE,0.0012,0,0.0073,0.0013,0.073,332,0.0023,NA,NA,NA,NA,NA,NA,0.0265,2e-4,464,0.0174,0.0193,0,0.0695,0,Bayes-M8-full,20/07/2026,2
Kasaji,Lualaba,2,FALSE,0.0012,4e-4,0.0025,0.0012,0.0692,337,0.0022,NA,NA,NA,NA,NA,NA,0.4648,0.0038,287,0.8552,0.4923,0,0.5116,0,Bayes-M8-full,20/07/2026,2
Bangabola,Sud-Ubangi,2,FALSE,0.0012,4e-4,0.0026,0.0012,0.0717,335,0.0023,NA,NA,NA,NA,NA,NA,0.3904,0.0033,315,0.3533,0.3494,0,0.8591,0,Bayes-M8-full,20/07/2026,2
Kungu,Sud-Ubangi,2,FALSE,0.0012,4e-4,0.0026,0.0012,0.0697,336,0.0022,NA,NA,NA,NA,NA,NA,0.3711,0.0031,333,0.3745,0.3359,0,0.7741,0,Bayes-M8-full,20/07/2026,2
Lukafu,Haut-Katanga,2,FALSE,0.0011,3e-4,0.0024,0.0011,0.0659,340,0.0021,NA,NA,NA,NA,NA,NA,0.4015,0.0032,325,0.888,0.3243,0,0.3938,0,Bayes-M8-full,20/07/2026,2
Mumbunda,Haut-Katanga,2,FALSE,0.0011,2e-4,0.0029,0.0011,0.064,348,0.0021,NA,NA,NA,NA,NA,NA,0.1853,0.0014,413,0.1197,0.5077,0,0.1139,0,Bayes-M8-full,20/07/2026,2
Bipemba,Kasaï-Oriental,2,FALSE,0.0011,1e-4,0.0028,0.0011,0.0613,356,0.002,NA,NA,NA,NA,NA,NA,0.1544,0.0011,422,0.0618,0.2201,0,0.3359,0,Bayes-M8-full,20/07/2026,2
Diulu,Kasaï-Oriental,2,FALSE,0.0011,2e-4,0.0029,0.0011,0.067,339,0.0022,NA,NA,NA,NA,NA,NA,0.2611,0.0021,378,0.0676,0.6448,0,0.332,0,Bayes-M8-full,20/07/2026,2
Kalamu 2,Kinshasa,2,FALSE,0.0011,0,0.0063,0.0011,0.0638,349,0.002,NA,NA,NA,NA,NA,NA,0.015,1e-4,472,0.0039,0.0154,0,0.0405,0,Bayes-M8-full,20/07/2026,2
Lemba,Kinshasa,2,FALSE,0.0011,0,0.0041,0.0011,0.062,355,0.002,NA,NA,NA,NA,NA,NA,0.1023,8e-4,446,0.0483,0.3069,0,0.0541,0,Bayes-M8-full,20/07/2026,2
Kisanji,Kwango,2,FALSE,0.0011,4e-4,0.0023,0.0011,0.0658,341,0.0021,NA,NA,NA,NA,NA,NA,0.5574,0.0044,265,0.8417,0.6544,0,0.7336,0,Bayes-M8-full,20/07/2026,2
Vanga,Kwilu,2,FALSE,0.0011,3e-4,0.0025,0.0011,0.0623,354,0.002,NA,NA,NA,NA,NA,NA,0.5034,0.0037,295,0.3726,0.8205,0,0.8205,0,Bayes-M8-full,20/07/2026,2
Bulungu,Kwilu,2,FALSE,0.0011,3e-4,0.0025,0.0011,0.0635,350,0.002,NA,NA,NA,NA,NA,NA,0.4508,0.0034,311,0.3571,0.6795,0,0.7664,0,Bayes-M8-full,20/07/2026,2
Gungu,Kwilu,2,FALSE,0.0011,3e-4,0.0025,0.0011,0.0656,343,0.0021,NA,NA,NA,NA,NA,NA,0.4237,0.0033,317,0.5058,0.6969,0,0.4923,0,Bayes-M8-full,20/07/2026,2
Lusanga,Kwilu,2,FALSE,0.0011,3e-4,0.0025,0.0011,0.0625,353,0.002,NA,NA,NA,NA,NA,NA,0.4242,0.0032,324,0.4382,0.7297,0,0.529,0,Bayes-M8-full,20/07/2026,2
Mosango,Kwilu,2,FALSE,0.0011,3e-4,0.0023,0.0011,0.0642,347,0.0021,NA,NA,NA,NA,NA,NA,0.515,0.0039,282,0.5463,0.7375,0,0.7761,0,Bayes-M8-full,20/07/2026,2
Mungindu,Kwilu,2,FALSE,0.0011,4e-4,0.0023,0.0011,0.0652,345,0.0021,NA,NA,NA,NA,NA,NA,0.3818,0.003,340,0.4691,0.5367,0,0.5212,0,Bayes-M8-full,20/07/2026,2
Sandoa,Lualaba,2,FALSE,0.0011,3e-4,0.0023,0.0011,0.0642,346,0.0021,NA,NA,NA,NA,NA,NA,0.5536,0.0042,274,0.9421,0.6815,0,0.5907,0,Bayes-M8-full,20/07/2026,2
Kanzenze,Lualaba,2,FALSE,0.0011,2e-4,0.0026,0.0011,0.0629,352,0.002,NA,NA,NA,NA,NA,NA,0.2389,0.0018,389,0.6255,0.1429,0,0.1873,0,Bayes-M8-full,20/07/2026,2
Manika,Lualaba,2,FALSE,0.0011,2e-4,0.0027,0.0011,0.063,351,0.002,NA,NA,NA,NA,NA,NA,0.1149,9e-4,439,0.0946,0.222,0,0.1429,0,Bayes-M8-full,20/07/2026,2
Pendjwa,Mai-Ndombe,2,FALSE,0.0011,3e-4,0.0024,0.0011,0.0653,344,0.0021,NA,NA,NA,NA,NA,NA,0.4319,0.0034,313,0.7008,0.2124,0,0.8147,0,Bayes-M8-full,20/07/2026,2
Libenge,Sud-Ubangi,2,FALSE,0.0011,3e-4,0.0025,0.0011,0.0658,342,0.0021,NA,NA,NA,NA,NA,NA,0.3818,0.003,337,0.6293,0.3591,0,0.5386,0,Bayes-M8-full,20/07/2026,2
Bikoro,Equateur,2,FALSE,0.001,3e-4,0.0023,0.001,0.0611,359,0.002,NA,NA,NA,NA,NA,NA,0.5951,0.0043,267,0.8127,0.8147,0,0.7529,0,Bayes-M8-full,20/07/2026,2
Kambove,Haut-Katanga,2,FALSE,0.001,2e-4,0.0024,0.001,0.058,369,0.0019,NA,NA,NA,NA,NA,NA,0.306,0.0021,375,0.4247,0.6236,0,0.1757,0,Bayes-M8-full,20/07/2026,2
Kapolowe,Haut-Katanga,2,FALSE,0.001,2e-4,0.0023,0.001,0.0571,373,0.0018,NA,NA,NA,NA,NA,NA,0.3026,0.0021,380,0.5579,0.444,0,0.2085,0,Bayes-M8-full,20/07/2026,2
Kilela Balanda,Haut-Katanga,2,FALSE,0.001,2e-4,0.0026,0.001,0.0584,368,0.0019,NA,NA,NA,NA,NA,NA,0.3132,0.0022,368,0.9228,0.0927,0,0.2375,0,Bayes-M8-full,20/07/2026,2
Panda,Haut-Katanga,2,FALSE,0.001,2e-4,0.0025,0.001,0.0574,372,0.0018,NA,NA,NA,NA,NA,NA,0.2027,0.0014,415,0.1622,0.4826,0,0.166,0,Bayes-M8-full,20/07/2026,2
Kashobwe,Haut-Katanga,2,FALSE,0.001,2e-4,0.0028,0.001,0.0599,363,0.0019,NA,NA,NA,NA,NA,NA,0.3243,0.0023,361,0.805,0.3012,0,0.1911,0,Bayes-M8-full,20/07/2026,2
Mikope,Kasaï,2,FALSE,0.001,3e-4,0.0022,0.001,0.0603,361,0.0019,NA,NA,NA,NA,NA,NA,0.3996,0.0029,347,0.6776,0.2703,0,0.6506,0,Bayes-M8-full,20/07/2026,2
Kamonia,Kasaï,2,FALSE,0.001,1e-4,0.003,0.001,0.0601,362,0.0019,NA,NA,NA,NA,NA,NA,0.14,0.001,430,0.3707,0.11,0,0.0792,0,Bayes-M8-full,20/07/2026,2
Feshi,Kwango,2,FALSE,0.001,3e-4,0.0021,0.001,0.0555,380,0.0018,NA,NA,NA,NA,NA,NA,0.5082,0.0034,314,0.7317,0.5425,0,0.7587,0,Bayes-M8-full,20/07/2026,2
Kenge,Kwango,2,FALSE,0.001,3e-4,0.0024,0.001,0.0596,364,0.0019,NA,NA,NA,NA,NA,NA,0.5574,0.004,280,0.6139,0.8127,0,0.8031,0,Bayes-M8-full,20/07/2026,2
Djuma,Kwilu,2,FALSE,0.001,3e-4,0.0022,0.001,0.0577,371,0.0019,NA,NA,NA,NA,NA,NA,0.5256,0.0036,301,0.4826,0.7355,0,0.8842,0,Bayes-M8-full,20/07/2026,2
Ipamu,Kwilu,2,FALSE,0.001,3e-4,0.0023,0.001,0.0603,360,0.0019,NA,NA,NA,NA,NA,NA,0.5454,0.0039,283,0.4903,0.7683,0,0.9228,0,Bayes-M8-full,20/07/2026,2
Kikwit Sud,Kwilu,2,FALSE,0.001,3e-4,0.0021,0.001,0.0556,379,0.0018,NA,NA,NA,NA,NA,NA,0.3282,0.0022,369,0.1313,0.7008,0,0.4807,0,Bayes-M8-full,20/07/2026,2
Kimputu,Kwilu,2,FALSE,0.001,3e-4,0.0023,0.001,0.0612,358,0.002,NA,NA,NA,NA,NA,NA,0.5039,0.0037,298,0.4923,0.639,0,0.8842,0,Bayes-M8-full,20/07/2026,2
Kingandu,Kwilu,2,FALSE,0.001,3e-4,0.0021,0.001,0.0585,367,0.0019,NA,NA,NA,NA,NA,NA,0.4923,0.0034,308,0.7162,0.6583,0,0.5946,0,Bayes-M8-full,20/07/2026,2
Masi Manimba,Kwilu,2,FALSE,0.001,3e-4,0.0023,0.001,0.0612,357,0.002,NA,NA,NA,NA,NA,NA,0.4281,0.0031,327,0.332,0.4961,0,0.8842,0,Bayes-M8-full,20/07/2026,2
Moanza,Kwilu,2,FALSE,0.001,3e-4,0.002,0.001,0.0561,378,0.0018,NA,NA,NA,NA,NA,NA,0.52,0.0035,307,0.5985,0.529,0,0.9527,0,Bayes-M8-full,20/07/2026,2
Pay Kongila,Kwilu,2,FALSE,0.001,3e-4,0.0021,0.001,0.0568,375,0.0018,NA,NA,NA,NA,NA,NA,0.4488,0.003,334,0.5135,0.6467,0,0.6351,0,Bayes-M8-full,20/07/2026,2
Yasa Bonga,Kwilu,2,FALSE,0.001,3e-4,0.0023,0.001,0.0577,370,0.0019,NA,NA,NA,NA,NA,NA,0.4206,0.0029,344,0.3031,0.5328,0,0.8465,0,Bayes-M8-full,20/07/2026,2
Fungurume,Lualaba,2,FALSE,0.001,2e-4,0.0024,0.001,0.0569,374,0.0018,NA,NA,NA,NA,NA,NA,0.1564,0.0011,427,0.2664,0.1622,0,0.1969,0,Bayes-M8-full,20/07/2026,2
Lualaba,Lualaba,2,FALSE,0.001,2e-4,0.0023,0.001,0.0564,377,0.0018,NA,NA,NA,NA,NA,NA,0.1404,9e-4,435,0.3552,0.0347,0,0.1718,0,Bayes-M8-full,20/07/2026,2
Bokonzi,Sud-Ubangi,2,FALSE,0.001,3e-4,0.0021,0.001,0.0568,376,0.0018,NA,NA,NA,NA,NA,NA,0.236,0.0016,400,0.4305,0.083,0,0.4305,0,Bayes-M8-full,20/07/2026,2
Boto,Sud-Ubangi,2,FALSE,0.001,3e-4,0.0022,0.001,0.0595,365,0.0019,NA,NA,NA,NA,NA,NA,0.3596,0.0025,357,0.3282,0.5174,0,0.5927,0,Bayes-M8-full,20/07/2026,2
Mawuya,Sud-Ubangi,2,FALSE,0.001,3e-4,0.0022,0.001,0.0587,366,0.0019,NA,NA,NA,NA,NA,NA,0.2654,0.0019,387,0.444,0.2394,0,0.3784,0,Bayes-M8-full,20/07/2026,2
Lilanga Bobangi,Equateur,2,FALSE,9e-4,2e-4,0.0025,9e-4,0.0528,386,0.0017,NA,NA,NA,NA,NA,NA,0.4117,0.0026,355,0.9382,0.2664,0,0.4421,0,Bayes-M8-full,20/07/2026,2
Kasenga,Haut-Katanga,2,FALSE,9e-4,2e-4,0.0023,9e-4,0.0533,384,0.0017,NA,NA,NA,NA,NA,NA,0.3953,0.0025,359,0.8166,0.6255,0,0.139,0,Bayes-M8-full,20/07/2026,2
Vangu,Haut-Katanga,2,FALSE,9e-4,1e-4,0.0026,9e-4,0.0525,389,0.0017,NA,NA,NA,NA,NA,NA,0.1081,7e-4,448,0.1158,0.1699,0,0.1467,0,Bayes-M8-full,20/07/2026,2
Kansele,Kasaï-Oriental,2,FALSE,9e-4,0,0.0029,9e-4,0.051,394,0.0016,NA,NA,NA,NA,NA,NA,0.2437,0.0015,411,0.0541,0.5965,0,0.3243,0,Bayes-M8-full,20/07/2026,2
Kingabwa,Kinshasa,2,FALSE,9e-4,0,0.0036,9e-4,0.0517,391,0.0017,NA,NA,NA,NA,NA,NA,0.0478,3e-4,460,0.0425,0.0965,0,0.0521,0,Bayes-M8-full,20/07/2026,2
Kitona,Kongo-Central,2,FALSE,9e-4,0,0.0038,9e-4,0.0515,392,0.0016,NA,NA,NA,NA,NA,NA,0.293,0.0018,390,0.5907,0.5792,0,0.0019,0,Bayes-M8-full,20/07/2026,2
Boko,Kwango,2,FALSE,9e-4,3e-4,0.002,9e-4,0.0541,383,0.0017,NA,NA,NA,NA,NA,NA,0.5121,0.0033,319,0.7336,0.61,0,0.7046,0,Bayes-M8-full,20/07/2026,2
Kimbao,Kwango,2,FALSE,9e-4,3e-4,0.0019,9e-4,0.051,393,0.0016,NA,NA,NA,NA,NA,NA,0.5743,0.0035,306,0.7201,0.7181,0,0.8591,0,Bayes-M8-full,20/07/2026,2
Bagata,Kwilu,2,FALSE,9e-4,3e-4,0.002,9e-4,0.0526,388,0.0017,NA,NA,NA,NA,NA,NA,0.5135,0.0032,321,0.6795,0.695,0,0.6795,0,Bayes-M8-full,20/07/2026,2
Kikongo,Kwilu,2,FALSE,9e-4,2e-4,0.0019,9e-4,0.0499,396,0.0016,NA,NA,NA,NA,NA,NA,0.5024,0.003,338,0.6969,0.6023,0,0.7104,0,Bayes-M8-full,20/07/2026,2
Sia,Kwilu,2,FALSE,9e-4,3e-4,0.0019,9e-4,0.0522,390,0.0017,NA,NA,NA,NA,NA,NA,0.3986,0.0025,360,0.4151,0.3822,0,0.7973,0,Bayes-M8-full,20/07/2026,2
Kikwit Nord,Kwilu,2,FALSE,9e-4,3e-4,0.0022,9e-4,0.0554,381,0.0018,NA,NA,NA,NA,NA,NA,0.2915,0.0019,383,0.1236,0.5405,0,0.5019,0,Bayes-M8-full,20/07/2026,2
Mokala,Kwilu,2,FALSE,9e-4,3e-4,0.002,9e-4,0.0527,387,0.0017,NA,NA,NA,NA,NA,NA,0.5118,0.0032,322,0.4228,0.6718,0,0.9527,0,Bayes-M8-full,20/07/2026,2
Dilolo,Lualaba,2,FALSE,9e-4,0,0.0031,9e-4,0.0497,398,0.0016,NA,NA,NA,NA,NA,NA,0.3663,0.0022,370,0.8398,0.6197,0,0.0058,0,Bayes-M8-full,20/07/2026,2
Dilala,Lualaba,2,FALSE,9e-4,2e-4,0.0023,9e-4,0.0528,385,0.0017,NA,NA,NA,NA,NA,NA,0.1347,8e-4,441,0.1506,0.2548,0,0.1332,0,Bayes-M8-full,20/07/2026,2
Inongo,Mai-Ndombe,2,FALSE,9e-4,2e-4,0.0019,9e-4,0.0508,395,0.0016,NA,NA,NA,NA,NA,NA,0.4952,0.003,336,0.7645,0.2934,0,0.9228,0,Bayes-M8-full,20/07/2026,2
Kiri,Mai-Ndombe,2,FALSE,9e-4,2e-4,0.0019,9e-4,0.0499,397,0.0016,NA,NA,NA,NA,NA,NA,0.5685,0.0034,312,0.8745,0.4768,0,0.9228,0,Bayes-M8-full,20/07/2026,2
Zongo,Sud-Ubangi,2,FALSE,9e-4,2e-4,0.0022,9e-4,0.0552,382,0.0018,NA,NA,NA,NA,NA,NA,0.2418,0.0016,401,0.278,0.4131,0,0.2761,0,Bayes-M8-full,20/07/2026,2
Bolenge,Equateur,2,FALSE,8e-4,2e-4,0.0018,8e-4,0.0467,406,0.0015,NA,NA,NA,NA,NA,NA,0.5391,0.003,335,0.7954,0.8514,0,0.5097,0,Bayes-M8-full,20/07/2026,2
Bomongo,Equateur,2,FALSE,8e-4,2e-4,0.0016,8e-4,0.044,412,0.0014,NA,NA,NA,NA,NA,NA,0.5907,0.0031,330,0.9788,0.8475,0,0.5367,0,Bayes-M8-full,20/07/2026,2
Mampoko,Equateur,2,FALSE,8e-4,2e-4,0.0018,8e-4,0.0444,411,0.0014,NA,NA,NA,NA,NA,NA,0.5135,0.0027,350,0.8919,0.5058,0,0.6564,0,Bayes-M8-full,20/07/2026,2
Likasi,Haut-Katanga,2,FALSE,8e-4,2e-4,0.0018,8e-4,0.0445,410,0.0014,NA,NA,NA,NA,NA,NA,0.1728,9e-4,437,0.112,0.4208,0,0.1583,0,Bayes-M8-full,20/07/2026,2
Kafubu,Haut-Katanga,2,FALSE,8e-4,2e-4,0.002,8e-4,0.0472,405,0.0015,NA,NA,NA,NA,NA,NA,0.2104,0.0012,421,0.6042,0.0869,0,0.1506,0,Bayes-M8-full,20/07/2026,2
Sakania,Haut-Katanga,2,FALSE,8e-4,1e-4,0.002,8e-4,0.0456,408,0.0015,NA,NA,NA,NA,NA,NA,0.2775,0.0015,409,0.7375,0.2355,0,0.1371,0,Bayes-M8-full,20/07/2026,2
Tshamilemba,Haut-Katanga,2,FALSE,8e-4,1e-4,0.0024,8e-4,0.046,407,0.0015,NA,NA,NA,NA,NA,NA,0.0772,4e-4,454,0.0656,0.1255,0,0.1178,0,Bayes-M8-full,20/07/2026,2
Kingasani,Kinshasa,2,FALSE,8e-4,0,0.0048,8e-4,0.049,401,0.0016,NA,NA,NA,NA,NA,NA,0.0294,2e-4,468,0.0058,0.0405,0,0.0714,0,Bayes-M8-full,20/07/2026,2
Kahemba,Kwango,2,FALSE,8e-4,2e-4,0.0018,8e-4,0.0482,402,0.0016,NA,NA,NA,NA,NA,NA,0.5367,0.0031,332,0.8958,0.7278,0,0.5232,0,Bayes-M8-full,20/07/2026,2
Kajiji,Kwango,2,FALSE,8e-4,2e-4,0.0019,8e-4,0.0495,399,0.0016,NA,NA,NA,NA,NA,NA,0.3533,0.0021,377,0.7934,0.1544,0,0.4653,0,Bayes-M8-full,20/07/2026,2
Panzi,Kwango,2,FALSE,8e-4,2e-4,0.0018,8e-4,0.0477,403,0.0015,NA,NA,NA,NA,NA,NA,0.5236,0.003,339,0.7548,0.583,0,0.7568,0,Bayes-M8-full,20/07/2026,2
Mwela Lembwa,Kwango,2,FALSE,8e-4,3e-4,0.0018,8e-4,0.0493,400,0.0016,NA,NA,NA,NA,NA,NA,0.4397,0.0026,356,0.6506,0.3224,0,0.7857,0,Bayes-M8-full,20/07/2026,2
Wamba Lwadi,Kwango,2,FALSE,8e-4,2e-4,0.0018,8e-4,0.0474,404,0.0015,NA,NA,NA,NA,NA,NA,0.5492,0.0031,329,0.6467,0.8185,0,0.7317,0,Bayes-M8-full,20/07/2026,2
Mimia,Mai-Ndombe,2,FALSE,8e-4,2e-4,0.0019,8e-4,0.0453,409,0.0015,NA,NA,NA,NA,NA,NA,0.4841,0.0026,354,0.9614,0.0521,0,0.9228,0,Bayes-M8-full,20/07/2026,2
Irebu,Equateur,2,FALSE,7e-4,1e-4,0.0018,7e-4,0.0389,424,0.0013,NA,NA,NA,NA,NA,NA,0.5473,0.0025,358,0.9305,0.6776,0,0.5811,0,Bayes-M8-full,20/07/2026,2
Ntondo,Equateur,2,FALSE,7e-4,2e-4,0.0016,7e-4,0.0389,423,0.0013,NA,NA,NA,NA,NA,NA,0.6125,0.0028,349,0.8996,0.7259,0,0.8243,0,Bayes-M8-full,20/07/2026,2
Wangata,Equateur,2,FALSE,7e-4,2e-4,0.0017,7e-4,0.0429,414,0.0014,NA,NA,NA,NA,NA,NA,0.417,0.0021,373,0.2336,0.9865,0,0.4479,0,Bayes-M8-full,20/07/2026,2
Kikula,Haut-Katanga,2,FALSE,7e-4,2e-4,0.0019,7e-4,0.0437,413,0.0014,NA,NA,NA,NA,NA,NA,0.0951,5e-4,451,0.1062,0.1139,0,0.1602,0,Bayes-M8-full,20/07/2026,2
Kenya,Haut-Katanga,2,FALSE,7e-4,1e-4,0.0018,7e-4,0.0386,426,0.0012,NA,NA,NA,NA,NA,NA,0.0569,3e-4,462,0.11,0.0116,0,0.1062,0,Bayes-M8-full,20/07/2026,2
Kisanga,Haut-Katanga,2,FALSE,7e-4,1e-4,0.0019,7e-4,0.0421,418,0.0014,NA,NA,NA,NA,NA,NA,0.1081,5e-4,450,0.1293,0.2008,0,0.1023,0,Bayes-M8-full,20/07/2026,2
Kowe,Haut-Katanga,2,FALSE,7e-4,0,0.0023,7e-4,0.0384,427,0.0012,NA,NA,NA,NA,NA,NA,0.07,3e-4,458,0.0714,0.0811,0,0.1274,0,Bayes-M8-full,20/07/2026,2
Dibindi,Kasaï-Oriental,2,FALSE,7e-4,0,0.003,7e-4,0.041,420,0.0013,NA,NA,NA,NA,NA,NA,0.1617,8e-4,444,0.0386,0.2954,0,0.3127,0,Bayes-M8-full,20/07/2026,2
Lubilanji,Kasaï-Oriental,2,FALSE,7e-4,0,0.0031,7e-4,0.0402,422,0.0013,NA,NA,NA,NA,NA,NA,0.1694,8e-4,443,0.0347,0.3398,0,0.3031,0,Bayes-M8-full,20/07/2026,2
Kimvula,Kongo-Central,2,FALSE,7e-4,2e-4,0.0015,7e-4,0.0387,425,0.0012,NA,NA,NA,NA,NA,NA,0.569,0.0026,353,0.8629,0.8784,0,0.5347,0,Bayes-M8-full,20/07/2026,2
Banzow Moke,Mai-Ndombe,2,FALSE,7e-4,2e-4,0.0016,7e-4,0.0429,415,0.0014,NA,NA,NA,NA,NA,NA,0.5236,0.0027,352,0.6892,0.5212,0,0.8842,0,Bayes-M8-full,20/07/2026,2
Ntandembelo,Mai-Ndombe,2,FALSE,7e-4,2e-4,0.0015,7e-4,0.0403,421,0.0013,NA,NA,NA,NA,NA,NA,0.4595,0.0022,367,0.6023,0.4633,0,0.7722,0,Bayes-M8-full,20/07/2026,2
Bosobe,Mai-Ndombe,2,FALSE,7e-4,2e-4,0.0016,7e-4,0.0421,417,0.0014,NA,NA,NA,NA,NA,NA,0.4406,0.0022,366,0.4942,0.4093,0,0.8591,0,Bayes-M8-full,20/07/2026,2
Kwamouth,Mai-Ndombe,2,FALSE,7e-4,2e-4,0.0016,7e-4,0.0422,416,0.0014,NA,NA,NA,NA,NA,NA,0.43,0.0022,371,0.8707,0.417,0,0.4324,0,Bayes-M8-full,20/07/2026,2
Nioki,Mai-Ndombe,2,FALSE,7e-4,2e-4,0.0016,7e-4,0.042,419,0.0014,NA,NA,NA,NA,NA,NA,0.389,0.0019,381,0.61,0.3958,0,0.5502,0,Bayes-M8-full,20/07/2026,2
Ruashi,Haut-Katanga,2,FALSE,6e-4,1e-4,0.0015,6e-4,0.0346,435,0.0011,NA,NA,NA,NA,NA,NA,0.0705,3e-4,461,0.0985,0.0637,0,0.1197,0,Bayes-M8-full,20/07/2026,2
Ngaba,Kinshasa,2,FALSE,6e-4,0,0.0028,6e-4,0.0368,430,0.0012,NA,NA,NA,NA,NA,NA,0.014,1e-4,476,0,0.0058,0,0.0502,0,Bayes-M8-full,20/07/2026,2
Ndjili,Kinshasa,2,FALSE,6e-4,0,0.003,6e-4,0.036,433,0.0012,NA,NA,NA,NA,NA,NA,0.0487,2e-4,466,0.027,0.1042,0,0.0637,0,Bayes-M8-full,20/07/2026,2
Muanda,Kongo-Central,2,FALSE,6e-4,0,0.0024,6e-4,0.0346,436,0.0011,NA,NA,NA,NA,NA,NA,0.4093,0.0017,396,0.6371,1,0,0,0,Bayes-M8-full,20/07/2026,2
Kibunzi,Kongo-Central,2,FALSE,6e-4,1e-4,0.0013,6e-4,0.0325,446,0.001,NA,NA,NA,NA,NA,NA,0.4175,0.0016,399,0.7046,0.5251,0,0.4402,0,Bayes-M8-full,20/07/2026,2
Luozi,Kongo-Central,2,FALSE,6e-4,2e-4,0.0013,6e-4,0.034,440,0.0011,NA,NA,NA,NA,NA,NA,0.5241,0.0021,374,0.7355,0.8861,0,0.4749,0,Bayes-M8-full,20/07/2026,2
Boko Kivulu,Kongo-Central,2,FALSE,6e-4,1e-4,0.0014,6e-4,0.0335,443,0.0011,NA,NA,NA,NA,NA,NA,0.4281,0.0017,394,0.5792,0.9324,0,0.2008,0,Bayes-M8-full,20/07/2026,2
Kimpese,Kongo-Central,2,FALSE,6e-4,1e-4,0.0014,6e-4,0.0327,445,0.0011,NA,NA,NA,NA,NA,NA,0.4947,0.0019,382,0.7896,0.9768,0,0.2124,0,Bayes-M8-full,20/07/2026,2
Kisantu,Kongo-Central,2,FALSE,6e-4,1e-4,0.0015,6e-4,0.0344,437,0.0011,NA,NA,NA,NA,NA,NA,0.418,0.0017,393,0.5039,0.9903,0,0.1776,0,Bayes-M8-full,20/07/2026,2
Kwilu Ngongo,Kongo-Central,2,FALSE,6e-4,1e-4,0.0014,6e-4,0.0331,444,0.0011,NA,NA,NA,NA,NA,NA,0.3875,0.0015,406,0.4884,0.8668,0,0.195,0,Bayes-M8-full,20/07/2026,2
Massa,Kongo-Central,2,FALSE,6e-4,1e-4,0.0016,6e-4,0.0336,442,0.0011,NA,NA,NA,NA,NA,NA,0.4223,0.0017,395,0.668,0.9208,0,0.1004,0,Bayes-M8-full,20/07/2026,2
Mbanza Ngungu,Kongo-Central,2,FALSE,6e-4,1e-4,0.0015,6e-4,0.0337,441,0.0011,NA,NA,NA,NA,NA,NA,0.3711,0.0015,410,0.3205,0.9749,0,0.1892,0,Bayes-M8-full,20/07/2026,2
Ngidinga,Kongo-Central,2,FALSE,6e-4,2e-4,0.0014,6e-4,0.0355,434,0.0011,NA,NA,NA,NA,NA,NA,0.4488,0.0019,385,0.6544,0.7432,0,0.3977,0,Bayes-M8-full,20/07/2026,2
Nselo,Kongo-Central,2,FALSE,6e-4,1e-4,0.0014,6e-4,0.0341,439,0.0011,NA,NA,NA,NA,NA,NA,0.374,0.0015,407,0.6564,0.5347,0,0.305,0,Bayes-M8-full,20/07/2026,2
Sona Bata,Kongo-Central,2,FALSE,6e-4,1e-4,0.0016,6e-4,0.0367,432,0.0012,NA,NA,NA,NA,NA,NA,0.43,0.0019,386,0.7259,0.7896,0,0.2046,0,Bayes-M8-full,20/07/2026,2
Kasongo Lunda,Kwango,2,FALSE,6e-4,1e-4,0.0015,6e-4,0.0324,447,0.001,NA,NA,NA,NA,NA,NA,0.3441,0.0013,418,0.6274,0.5946,0,0.1544,0,Bayes-M8-full,20/07/2026,2
Kitenda,Kwango,2,FALSE,6e-4,2e-4,0.0014,6e-4,0.0368,431,0.0012,NA,NA,NA,NA,NA,NA,0.376,0.0016,398,0.6641,0.4247,0,0.4151,0,Bayes-M8-full,20/07/2026,2
Popokabaka,Kwango,2,FALSE,6e-4,2e-4,0.0014,6e-4,0.0344,438,0.0011,NA,NA,NA,NA,NA,NA,0.5507,0.0023,363,0.7703,0.7876,0,0.6448,0,Bayes-M8-full,20/07/2026,2
Bandundu,Kwilu,2,FALSE,6e-4,1e-4,0.0015,6e-4,0.0377,428,0.0012,NA,NA,NA,NA,NA,NA,0.3364,0.0015,408,0.3436,0.751,0,0.251,0,Bayes-M8-full,20/07/2026,2
Mushie,Mai-Ndombe,2,FALSE,6e-4,2e-4,0.0014,6e-4,0.0373,429,0.0012,NA,NA,NA,NA,NA,NA,0.4291,0.0019,384,0.7394,0.3649,0,0.612,0,Bayes-M8-full,20/07/2026,2
Lukolela,Equateur,2,FALSE,5e-4,1e-4,0.0012,5e-4,0.0309,451,0.001,NA,NA,NA,NA,NA,NA,0.5787,0.0021,372,0.944,0.9151,0,0.4556,0,Bayes-M8-full,20/07/2026,2
Makala,Kinshasa,2,FALSE,5e-4,0,0.0027,5e-4,0.0269,464,9e-4,NA,NA,NA,NA,NA,NA,0.0246,1e-4,474,0.0116,0.0386,0,0.0483,0,Bayes-M8-full,20/07/2026,2
Biyela,Kinshasa,2,FALSE,5e-4,0,0.0015,5e-4,0.0266,466,9e-4,NA,NA,NA,NA,NA,NA,0.1076,3e-4,457,0.0637,0.2838,0,0.083,0,Bayes-M8-full,20/07/2026,2
Selembao,Kinshasa,2,FALSE,5e-4,0,0.0018,5e-4,0.027,462,9e-4,NA,NA,NA,NA,NA,NA,0.0676,2e-4,465,0.0444,0.1815,0,0.0444,0,Bayes-M8-full,20/07/2026,2
Boma Bungu,Kongo-Central,2,FALSE,5e-4,1e-4,0.0014,5e-4,0.029,457,9e-4,NA,NA,NA,NA,NA,NA,0.3209,0.0011,424,0.5811,0.5676,0,0.1351,0,Bayes-M8-full,20/07/2026,2
Kangu,Kongo-Central,2,FALSE,5e-4,1e-4,0.0012,5e-4,0.0267,465,9e-4,NA,NA,NA,NA,NA,NA,0.3528,0.0011,423,0.3803,0.8822,0,0.1486,0,Bayes-M8-full,20/07/2026,2
Kinkonzi,Kongo-Central,2,FALSE,5e-4,1e-4,0.0012,5e-4,0.0269,463,9e-4,NA,NA,NA,NA,NA,NA,0.4252,0.0014,417,0.6236,0.8958,0,0.1815,0,Bayes-M8-full,20/07/2026,2
Lukula,Kongo-Central,2,FALSE,5e-4,1e-4,0.0012,5e-4,0.0276,460,9e-4,NA,NA,NA,NA,NA,NA,0.3933,0.0013,420,0.529,0.8745,0,0.1699,0,Bayes-M8-full,20/07/2026,2
Vaku,Kongo-Central,2,FALSE,5e-4,1e-4,0.0013,5e-4,0.0288,458,9e-4,NA,NA,NA,NA,NA,NA,0.4194,0.0014,412,0.5676,0.9421,0,0.168,0,Bayes-M8-full,20/07/2026,2
Inga,Kongo-Central,2,FALSE,5e-4,1e-4,0.0013,5e-4,0.03,454,0.001,NA,NA,NA,NA,NA,NA,0.3847,0.0014,416,0.5212,0.8243,0,0.1931,0,Bayes-M8-full,20/07/2026,2
Mangembo,Kongo-Central,2,FALSE,5e-4,1e-4,0.0012,5e-4,0.0294,455,9e-4,NA,NA,NA,NA,NA,NA,0.3726,0.0013,419,0.5598,0.6641,0,0.2664,0,Bayes-M8-full,20/07/2026,2
Matadi,Kongo-Central,2,FALSE,5e-4,0,0.0014,5e-4,0.0266,467,9e-4,NA,NA,NA,NA,NA,NA,0.2939,9e-4,436,0.1564,0.944,0,0.0753,0,Bayes-M8-full,20/07/2026,2
Nsona Mpangu,Kongo-Central,2,FALSE,5e-4,1e-4,0.0014,5e-4,0.0309,450,0.001,NA,NA,NA,NA,NA,NA,0.4165,0.0015,403,0.722,0.7645,0,0.1795,0,Bayes-M8-full,20/07/2026,2
Seke Banza,Kongo-Central,2,FALSE,5e-4,1e-4,0.0012,5e-4,0.029,456,9e-4,NA,NA,NA,NA,NA,NA,0.4513,0.0016,402,0.6351,0.9498,0,0.2201,0,Bayes-M8-full,20/07/2026,2
Gombe Matadi,Kongo-Central,2,FALSE,5e-4,1e-4,0.0014,5e-4,0.031,449,0.001,NA,NA,NA,NA,NA,NA,0.4151,0.0015,404,0.6911,0.7857,0,0.1834,0,Bayes-M8-full,20/07/2026,2
Kimpangu,Kongo-Central,2,FALSE,5e-4,1e-4,0.0014,5e-4,0.0312,448,0.001,NA,NA,NA,NA,NA,NA,0.4488,0.0017,397,0.7085,0.9344,0,0.1525,0,Bayes-M8-full,20/07/2026,2
Tembo,Kwango,2,FALSE,5e-4,1e-4,0.0015,5e-4,0.028,459,9e-4,NA,NA,NA,NA,NA,NA,0.3205,0.0011,426,0.7876,0.3977,0,0.0965,0,Bayes-M8-full,20/07/2026,2
Oshwe,Mai-Ndombe,2,FALSE,5e-4,1e-4,0.0012,5e-4,0.0309,452,0.001,NA,NA,NA,NA,NA,NA,0.4855,0.0018,391,0.8764,0.3301,0,0.7355,0,Bayes-M8-full,20/07/2026,2
Yumbi,Mai-Ndombe,2,FALSE,5e-4,1e-4,0.0013,5e-4,0.0304,453,0.001,NA,NA,NA,NA,NA,NA,0.2741,0.001,431,0.4131,0.4015,0,0.2819,0,Bayes-M8-full,20/07/2026,2
Bolobo,Mai-Ndombe,2,FALSE,5e-4,1e-4,0.0012,5e-4,0.0273,461,9e-4,NA,NA,NA,NA,NA,NA,0.3388,0.0011,425,0.6313,0.4981,0,0.2259,0,Bayes-M8-full,20/07/2026,2
Kimbanseke,Kinshasa,2,FALSE,4e-4,0,0.0013,4e-4,0.0211,472,7e-4,NA,NA,NA,NA,NA,NA,0.0526,1e-4,469,0.0521,0.0849,0,0.0734,0,Bayes-M8-full,20/07/2026,2
Boma,Kongo-Central,2,FALSE,4e-4,0,0.0013,4e-4,0.0247,471,8e-4,NA,NA,NA,NA,NA,NA,0.2901,9e-4,440,0.1467,0.9247,0,0.0888,0,Bayes-M8-full,20/07/2026,2
Kizu,Kongo-Central,2,FALSE,4e-4,0,0.0014,4e-4,0.0259,468,8e-4,NA,NA,NA,NA,NA,NA,0.3113,0.001,433,0.2973,0.8707,0,0.0772,0,Bayes-M8-full,20/07/2026,2
Kuimba,Kongo-Central,2,FALSE,4e-4,0,0.0018,4e-4,0.0258,469,8e-4,NA,NA,NA,NA,NA,NA,0.3069,9e-4,434,0.3784,0.8456,0,0.0039,0,Bayes-M8-full,20/07/2026,2
Tshela,Kongo-Central,2,FALSE,4e-4,0,0.0017,4e-4,0.0258,470,8e-4,NA,NA,NA,NA,NA,NA,0.3282,0.001,429,0.417,0.888,0,0.0077,0,Bayes-M8-full,20/07/2026,2
Kampemba,Haut-Katanga,2,FALSE,3e-4,0,9e-4,3e-4,0.0185,473,6e-4,NA,NA,NA,NA,NA,NA,0.0531,1e-4,471,0.0598,0.0367,0,0.1158,0,Bayes-M8-full,20/07/2026,2
Bumbu,Kinshasa,2,FALSE,3e-4,0,0.0018,3e-4,0.0181,475,6e-4,NA,NA,NA,NA,NA,NA,0.0164,0,478,0.0019,0.029,0,0.0347,0,Bayes-M8-full,20/07/2026,2
Nzanza,Kongo-Central,2,FALSE,3e-4,0,9e-4,3e-4,0.0184,474,6e-4,NA,NA,NA,NA,NA,NA,0.2172,5e-4,452,0.0888,0.6892,0,0.0907,0,Bayes-M8-full,20/07/2026,2
Kamalondo,Haut-Katanga,2,FALSE,2e-4,0,0.001,2e-4,0.0133,477,4e-4,NA,NA,NA,NA,NA,NA,0.0352,1e-4,477,0.029,0.0019,0,0.11,0,Bayes-M8-full,20/07/2026,2
Katuba,Haut-Katanga,2,FALSE,2e-4,0,9e-4,2e-4,0.0142,476,5e-4,NA,NA,NA,NA,NA,NA,0.0463,1e-4,475,0.0502,0.0309,0,0.1042,0,Bayes-M8-full,20/07/2026,2
Kisenso,Kinshasa,2,FALSE,2e-4,0,9e-4,2e-4,0.0125,478,4e-4,NA,NA,NA,NA,NA,NA,0.0589,1e-4,473,0.0367,0.139,0,0.0598,0,Bayes-M8-full,20/07/2026,2
Bokoro,Mai-Ndombe,2,FALSE,0,0,0,0,0,480,0,NA,NA,NA,NA,NA,NA,0.471,0,479,0.6873,0.5097,0,0.6873,0,Bayes-M8-full,20/07/2026,2
Idjwi,Sud-Kivu,2,FALSE,0,0,0,0,0,479,0,NA,NA,NA,NA,NA,NA,0.3007,0,480,0.2992,0.8224,0,0.0811,0,Bayes-M8-full,20/07/2026,2
Boma Mangbetu,Haut-Uele,2,TRUE,NA,NA,NA,NA,NA,NA,NA,NA,NA,NA,NA,NA,NA,0.4122,NA,NA,0.2857,0.5039,0,0.8591,0,Bayes-M8-full,20/07/2026,2
Wamba,Haut-Uele,2,TRUE,NA,NA,NA,NA,NA,NA,NA,NA,NA,NA,NA,NA,NA,0.4817,NA,NA,0.6737,0.4363,0,0.8166,0,Bayes-M8-full,20/07/2026,2
Ariwara,Ituri,2,TRUE,NA,NA,NA,NA,NA,NA,NA,NA,NA,NA,NA,NA,NA,0.2862,NA,NA,0.1988,0.6988,0,0.2471,0,Bayes-M8-full,20/07/2026,2
Aru,Ituri,2,TRUE,NA,NA,NA,NA,NA,NA,NA,NA,NA,NA,NA,NA,NA,0.3528,NA,NA,0.3012,0.8417,0,0.2683,0,Bayes-M8-full,20/07/2026,2
Aungba,Ituri,2,TRUE,NA,NA,NA,NA,NA,NA,NA,NA,NA,NA,NA,NA,NA,0.3354,NA,NA,0.3108,0.6564,0,0.3745,0,Bayes-M8-full,20/07/2026,2
Kambala,Ituri,2,TRUE,NA,NA,NA,NA,NA,NA,NA,NA,NA,NA,NA,NA,NA,0.347,NA,NA,0.3668,0.612,0,0.4093,0,Bayes-M8-full,20/07/2026,2
Logo,Ituri,2,TRUE,NA,NA,NA,NA,NA,NA,NA,NA,NA,NA,NA,NA,NA,0.2384,NA,NA,0.1757,0.5927,0,0.1853,0,Bayes-M8-full,20/07/2026,2
Rimba,Ituri,2,TRUE,NA,NA,NA,NA,NA,NA,NA,NA,NA,NA,NA,NA,NA,0.306,NA,NA,0.2008,0.7124,0,0.3108,0,Bayes-M8-full,20/07/2026,2
Bambu,Ituri,2,TRUE,NA,NA,NA,NA,NA,NA,NA,NA,NA,NA,NA,NA,NA,0.2399,NA,NA,0.2046,0.4691,0,0.2857,0,Bayes-M8-full,20/07/2026,2
Boga,Ituri,2,TRUE,NA,NA,NA,NA,NA,NA,NA,NA,NA,NA,NA,NA,NA,0.264,NA,NA,0.3861,0.36870000000000003,0,0.3012,0,Bayes-M8-full,20/07/2026,2
Bunia,Ituri,2,TRUE,NA,NA,NA,NA,NA,NA,NA,NA,NA,NA,NA,NA,NA,0.2326,NA,NA,0.1178,0.5637,0,0.249,0,Bayes-M8-full,20/07/2026,2
Damas,Ituri,2,TRUE,NA,NA,NA,NA,NA,NA,NA,NA,NA,NA,NA,NA,NA,0.3224,NA,NA,0.4479,0.3282,0,0.5135,0,Bayes-M8-full,20/07/2026,2
Drodro,Ituri,2,TRUE,NA,NA,NA,NA,NA,NA,NA,NA,NA,NA,NA,NA,NA,0.2674,NA,NA,0.2066,0.5907,0,0.2722,0,Bayes-M8-full,20/07/2026,2
Fataki,Ituri,2,TRUE,NA,NA,NA,NA,NA,NA,NA,NA,NA,NA,NA,NA,NA,0.3185,NA,NA,0.2259,0.7201,0,0.3282,0,Bayes-M8-full,20/07/2026,2
Gety,Ituri,2,TRUE,NA,NA,NA,NA,NA,NA,NA,NA,NA,NA,NA,NA,NA,0.2592,NA,NA,0.3359,0.2973,0,0.4035,0,Bayes-M8-full,20/07/2026,2
Kilo,Ituri,2,TRUE,NA,NA,NA,NA,NA,NA,NA,NA,NA,NA,NA,NA,NA,0.1448,NA,NA,0.2201,0.0502,0,0.3089,0,Bayes-M8-full,20/07/2026,2
Komanda,Ituri,2,TRUE,NA,NA,NA,NA,NA,NA,NA,NA,NA,NA,NA,NA,NA,0.2341,NA,NA,0.3089,0.1197,0,0.5077,0,Bayes-M8-full,20/07/2026,2
Lita,Ituri,2,TRUE,NA,NA,NA,NA,NA,NA,NA,NA,NA,NA,NA,NA,NA,0.306,NA,NA,0.2761,0.7046,0,0.2432,0,Bayes-M8-full,20/07/2026,2
Lolwa,Ituri,2,TRUE,NA,NA,NA,NA,NA,NA,NA,NA,NA,NA,NA,NA,NA,0.3205,NA,NA,0.6429,0,0,0.639,0,Bayes-M8-full,20/07/2026,2
Mambasa,Ituri,2,TRUE,NA,NA,NA,NA,NA,NA,NA,NA,NA,NA,NA,NA,NA,0.4324,NA,NA,0.8842,0.2625,0,0.583,0,Bayes-M8-full,20/07/2026,2
Mandima,Ituri,2,TRUE,NA,NA,NA,NA,NA,NA,NA,NA,NA,NA,NA,NA,NA,0.2659,NA,NA,0.4846,0.2896,0,0.2896,0,Bayes-M8-full,20/07/2026,2
Mangala,Ituri,2,TRUE,NA,NA,NA,NA,NA,NA,NA,NA,NA,NA,NA,NA,NA,0.3021,NA,NA,0.305,0.6158,0,0.2876,0,Bayes-M8-full,20/07/2026,2
Mongbwalu,Ituri,2,TRUE,NA,NA,NA,NA,NA,NA,NA,NA,NA,NA,NA,NA,NA,0.2616,NA,NA,0.4112,0.1834,0,0.4517,0,Bayes-M8-full,20/07/2026,2
Nia Nia,Ituri,2,TRUE,NA,NA,NA,NA,NA,NA,NA,NA,NA,NA,NA,NA,NA,0.2978,NA,NA,0.666,0.0212,0,0.5039,0,Bayes-M8-full,20/07/2026,2
Nizi,Ituri,2,TRUE,NA,NA,NA,NA,NA,NA,NA,NA,NA,NA,NA,NA,NA,0.1771,NA,NA,0.1544,0.3378,0,0.2162,0,Bayes-M8-full,20/07/2026,2
Nyankunde,Ituri,2,TRUE,NA,NA,NA,NA,NA,NA,NA,NA,NA,NA,NA,NA,NA,0.2514,NA,NA,0.2838,0.2432,0,0.4788,0,Bayes-M8-full,20/07/2026,2
Rwampara,Ituri,2,TRUE,NA,NA,NA,NA,NA,NA,NA,NA,NA,NA,NA,NA,NA,0.319,NA,NA,0.2375,0.7452,0,0.2934,0,Bayes-M8-full,20/07/2026,2
Tchomia,Ituri,2,TRUE,NA,NA,NA,NA,NA,NA,NA,NA,NA,NA,NA,NA,NA,0.1998,NA,NA,0.2104,0.3745,0,0.2143,0,Bayes-M8-full,20/07/2026,2
Beni,Nord-Kivu,2,TRUE,NA,NA,NA,NA,NA,NA,NA,NA,NA,NA,NA,NA,NA,0.1559,NA,NA,0.1525,0.2297,0,0.2413,0,Bayes-M8-full,20/07/2026,2
Butembo,Nord-Kivu,2,TRUE,NA,NA,NA,NA,NA,NA,NA,NA,NA,NA,NA,NA,NA,0.1829,NA,NA,0.1139,0.388,0,0.2297,0,Bayes-M8-full,20/07/2026,2
Kalunguta,Nord-Kivu,2,TRUE,NA,NA,NA,NA,NA,NA,NA,NA,NA,NA,NA,NA,NA,0.1559,NA,NA,0.195,0.2066,0,0.222,0,Bayes-M8-full,20/07/2026,2
Katwa,Nord-Kivu,2,TRUE,NA,NA,NA,NA,NA,NA,NA,NA,NA,NA,NA,NA,NA,0.1998,NA,NA,0.0869,0.4846,0,0.2278,0,Bayes-M8-full,20/07/2026,2
Kyondo,Nord-Kivu,2,TRUE,NA,NA,NA,NA,NA,NA,NA,NA,NA,NA,NA,NA,NA,0.3238,NA,NA,0.2954,0.7973,0,0.2027,0,Bayes-M8-full,20/07/2026,2
Mabalako,Nord-Kivu,2,TRUE,NA,NA,NA,NA,NA,NA,NA,NA,NA,NA,NA,NA,NA,0.1573,NA,NA,0.1931,0.2046,0,0.2317,0,Bayes-M8-full,20/07/2026,2
Masereka,Nord-Kivu,2,TRUE,NA,NA,NA,NA,NA,NA,NA,NA,NA,NA,NA,NA,NA,0.36870000000000003,NA,NA,0.2548,0.9807,0,0.2394,0,Bayes-M8-full,20/07/2026,2
Musienene,Nord-Kivu,2,TRUE,NA,NA,NA,NA,NA,NA,NA,NA,NA,NA,NA,NA,NA,0.319,NA,NA,0.2645,0.7317,0,0.2799,0,Bayes-M8-full,20/07/2026,2
Vuhovi,Nord-Kivu,2,TRUE,NA,NA,NA,NA,NA,NA,NA,NA,NA,NA,NA,NA,NA,0.2611,NA,NA,0.2027,0.6178,0,0.2239,0,Bayes-M8-full,20/07/2026,2
Goma,Nord-Kivu,2,TRUE,NA,NA,NA,NA,NA,NA,NA,NA,NA,NA,NA,NA,NA,0.2669,NA,NA,0.1274,0.8977,0,0.0425,0,Bayes-M8-full,20/07/2026,2
Miti Murhesa,Sud-Kivu,2,TRUE,NA,NA,NA,NA,NA,NA,NA,NA,NA,NA,NA,NA,NA,0.3277,NA,NA,0.2355,0.9131,0,0.1622,0,Bayes-M8-full,20/07/2026,2
